Country,Category,Location,Impact,Units,Reference,Value
Afghanistan,N/A for WC,N/A for WC,Malnutrition,/m3,Water Consumption_N/A for WC_N/A for WC_Malnutrition,0.49
Afghanistan,N/A for WC,N/A for WC,Water-borne disease,/m3,Water Consumption_N/A for WC_N/A for WC_Water-borne disease,0.06
Afghanistan,N/A for WC,N/A for WC,Resource cost,/m3,Water Consumption_N/A for WC_N/A for WC_Resource cost,0.32
Afghanistan,N/A for WC,N/A for WC,Ecosystem services,/m3,Water Consumption_N/A for WC_N/A for WC_Ecosystem services,0.28
Albania,N/A for WC,N/A for WC,Malnutrition,/m3,Water Consumption_N/A for WC_N/A for WC_Malnutrition,0.02
Albania,N/A for WC,N/A for WC,Water-borne disease,/m3,Water Consumption_N/A for WC_N/A for WC_Water-borne disease,0.13
Albania,N/A for WC,N/A for WC,Resource cost,/m3,Water Consumption_N/A for WC_N/A for WC_Resource cost,1.0
Albania,N/A for WC,N/A for WC,Ecosystem services,/m3,Water Consumption_N/A for WC_N/A for WC_Ecosystem services,1.94
Algeria,N/A for WC,N/A for WC,Malnutrition,/m3,Water Consumption_N/A for WC_N/A for WC_Malnutrition,0.24
Algeria,N/A for WC,N/A for WC,Water-borne disease,/m3,Water Consumption_N/A for WC_N/A for WC_Water-borne disease,0.0
Algeria,N/A for WC,N/A for WC,Resource cost,/m3,Water Consumption_N/A for WC_N/A for WC_Resource cost,0.43
Algeria,N/A for WC,N/A for WC,Ecosystem services,/m3,Water Consumption_N/A for WC_N/A for WC_Ecosystem services,0.08
American Samoa,N/A for WC,N/A for WC,Malnutrition,/m3,Water Consumption_N/A for WC_N/A for WC_Malnutrition,0.3
American Samoa,N/A for WC,N/A for WC,Water-borne disease,/m3,Water Consumption_N/A for WC_N/A for WC_Water-borne disease,0.11
American Samoa,N/A for WC,N/A for WC,Resource cost,/m3,Water Consumption_N/A for WC_N/A for WC_Resource cost,0.03
American Samoa,N/A for WC,N/A for WC,Ecosystem services,/m3,Water Consumption_N/A for WC_N/A for WC_Ecosystem services,4.53
Andorra,N/A for WC,N/A for WC,Malnutrition,/m3,Water Consumption_N/A for WC_N/A for WC_Malnutrition,0.0
Andorra,N/A for WC,N/A for WC,Water-borne disease,/m3,Water Consumption_N/A for WC_N/A for WC_Water-borne disease,0.0
Andorra,N/A for WC,N/A for WC,Resource cost,/m3,Water Consumption_N/A for WC_N/A for WC_Resource cost,2.44
Andorra,N/A for WC,N/A for WC,Ecosystem services,/m3,Water Consumption_N/A for WC_N/A for WC_Ecosystem services,1.52
Angola,N/A for WC,N/A for WC,Malnutrition,/m3,Water Consumption_N/A for WC_N/A for WC_Malnutrition,0.05
Angola,N/A for WC,N/A for WC,Water-borne disease,/m3,Water Consumption_N/A for WC_N/A for WC_Water-borne disease,0.0
Angola,N/A for WC,N/A for WC,Resource cost,/m3,Water Consumption_N/A for WC_N/A for WC_Resource cost,0.39
Angola,N/A for WC,N/A for WC,Ecosystem services,/m3,Water Consumption_N/A for WC_N/A for WC_Ecosystem services,0.54
Antigua and Barbuda,N/A for WC,N/A for WC,Malnutrition,/m3,Water Consumption_N/A for WC_N/A for WC_Malnutrition,0.08
Antigua and Barbuda,N/A for WC,N/A for WC,Water-borne disease,/m3,Water Consumption_N/A for WC_N/A for WC_Water-borne disease,0.76
Antigua and Barbuda,N/A for WC,N/A for WC,Resource cost,/m3,Water Consumption_N/A for WC_N/A for WC_Resource cost,0.0
Antigua and Barbuda,N/A for WC,N/A for WC,Ecosystem services,/m3,Water Consumption_N/A for WC_N/A for WC_Ecosystem services,1.17
Argentina,N/A for WC,N/A for WC,Malnutrition,/m3,Water Consumption_N/A for WC_N/A for WC_Malnutrition,0.01
Argentina,N/A for WC,N/A for WC,Water-borne disease,/m3,Water Consumption_N/A for WC_N/A for WC_Water-borne disease,0.0
Argentina,N/A for WC,N/A for WC,Resource cost,/m3,Water Consumption_N/A for WC_N/A for WC_Resource cost,1.1
Argentina,N/A for WC,N/A for WC,Ecosystem services,/m3,Water Consumption_N/A for WC_N/A for WC_Ecosystem services,0.86
Armenia,N/A for WC,N/A for WC,Malnutrition,/m3,Water Consumption_N/A for WC_N/A for WC_Malnutrition,0.19
Armenia,N/A for WC,N/A for WC,Water-borne disease,/m3,Water Consumption_N/A for WC_N/A for WC_Water-borne disease,0.0
Armenia,N/A for WC,N/A for WC,Resource cost,/m3,Water Consumption_N/A for WC_N/A for WC_Resource cost,0.1
Armenia,N/A for WC,N/A for WC,Ecosystem services,/m3,Water Consumption_N/A for WC_N/A for WC_Ecosystem services,1.72
Aruba,N/A for WC,N/A for WC,Malnutrition,/m3,Water Consumption_N/A for WC_N/A for WC_Malnutrition,0.08
Aruba,N/A for WC,N/A for WC,Water-borne disease,/m3,Water Consumption_N/A for WC_N/A for WC_Water-borne disease,0.18
Aruba,N/A for WC,N/A for WC,Resource cost,/m3,Water Consumption_N/A for WC_N/A for WC_Resource cost,0.0
Aruba,N/A for WC,N/A for WC,Ecosystem services,/m3,Water Consumption_N/A for WC_N/A for WC_Ecosystem services,1.19
Australia,N/A for WC,N/A for WC,Malnutrition,/m3,Water Consumption_N/A for WC_N/A for WC_Malnutrition,0.0
Australia,N/A for WC,N/A for WC,Water-borne disease,/m3,Water Consumption_N/A for WC_N/A for WC_Water-borne disease,0.0
Australia,N/A for WC,N/A for WC,Resource cost,/m3,Water Consumption_N/A for WC_N/A for WC_Resource cost,0.27
Australia,N/A for WC,N/A for WC,Ecosystem services,/m3,Water Consumption_N/A for WC_N/A for WC_Ecosystem services,0.6
Austria,N/A for WC,N/A for WC,Malnutrition,/m3,Water Consumption_N/A for WC_N/A for WC_Malnutrition,0.0
Austria,N/A for WC,N/A for WC,Water-borne disease,/m3,Water Consumption_N/A for WC_N/A for WC_Water-borne disease,0.0
Austria,N/A for WC,N/A for WC,Resource cost,/m3,Water Consumption_N/A for WC_N/A for WC_Resource cost,0.0
Austria,N/A for WC,N/A for WC,Ecosystem services,/m3,Water Consumption_N/A for WC_N/A for WC_Ecosystem services,2.0
Azerbaijan,N/A for WC,N/A for WC,Malnutrition,/m3,Water Consumption_N/A for WC_N/A for WC_Malnutrition,0.21
Azerbaijan,N/A for WC,N/A for WC,Water-borne disease,/m3,Water Consumption_N/A for WC_N/A for WC_Water-borne disease,0.0
Azerbaijan,N/A for WC,N/A for WC,Resource cost,/m3,Water Consumption_N/A for WC_N/A for WC_Resource cost,1.07
Azerbaijan,N/A for WC,N/A for WC,Ecosystem services,/m3,Water Consumption_N/A for WC_N/A for WC_Ecosystem services,1.54
Bahamas,N/A for WC,N/A for WC,Malnutrition,/m3,Water Consumption_N/A for WC_N/A for WC_Malnutrition,0.0
Bahamas,N/A for WC,N/A for WC,Water-borne disease,/m3,Water Consumption_N/A for WC_N/A for WC_Water-borne disease,0.0
Bahamas,N/A for WC,N/A for WC,Resource cost,/m3,Water Consumption_N/A for WC_N/A for WC_Resource cost,0.0
Bahamas,N/A for WC,N/A for WC,Ecosystem services,/m3,Water Consumption_N/A for WC_N/A for WC_Ecosystem services,2.93
Bahrain,N/A for WC,N/A for WC,Malnutrition,/m3,Water Consumption_N/A for WC_N/A for WC_Malnutrition,0.15
Bahrain,N/A for WC,N/A for WC,Water-borne disease,/m3,Water Consumption_N/A for WC_N/A for WC_Water-borne disease,0.0
Bahrain,N/A for WC,N/A for WC,Resource cost,/m3,Water Consumption_N/A for WC_N/A for WC_Resource cost,39.82
Bahrain,N/A for WC,N/A for WC,Ecosystem services,/m3,Water Consumption_N/A for WC_N/A for WC_Ecosystem services,0.38
Bangladesh,N/A for WC,N/A for WC,Malnutrition,/m3,Water Consumption_N/A for WC_N/A for WC_Malnutrition,0.31
Bangladesh,N/A for WC,N/A for WC,Water-borne disease,/m3,Water Consumption_N/A for WC_N/A for WC_Water-borne disease,0.0
Bangladesh,N/A for WC,N/A for WC,Resource cost,/m3,Water Consumption_N/A for WC_N/A for WC_Resource cost,0.84
Bangladesh,N/A for WC,N/A for WC,Ecosystem services,/m3,Water Consumption_N/A for WC_N/A for WC_Ecosystem services,2.13
Barbados,N/A for WC,N/A for WC,Malnutrition,/m3,Water Consumption_N/A for WC_N/A for WC_Malnutrition,0.08
Barbados,N/A for WC,N/A for WC,Water-borne disease,/m3,Water Consumption_N/A for WC_N/A for WC_Water-borne disease,0.02
Barbados,N/A for WC,N/A for WC,Resource cost,/m3,Water Consumption_N/A for WC_N/A for WC_Resource cost,0.0
Barbados,N/A for WC,N/A for WC,Ecosystem services,/m3,Water Consumption_N/A for WC_N/A for WC_Ecosystem services,1.52
Belarus,N/A for WC,N/A for WC,Malnutrition,/m3,Water Consumption_N/A for WC_N/A for WC_Malnutrition,0.0
Belarus,N/A for WC,N/A for WC,Water-borne disease,/m3,Water Consumption_N/A for WC_N/A for WC_Water-borne disease,0.0
Belarus,N/A for WC,N/A for WC,Resource cost,/m3,Water Consumption_N/A for WC_N/A for WC_Resource cost,0.0
Belarus,N/A for WC,N/A for WC,Ecosystem services,/m3,Water Consumption_N/A for WC_N/A for WC_Ecosystem services,2.08
Belgium,N/A for WC,N/A for WC,Malnutrition,/m3,Water Consumption_N/A for WC_N/A for WC_Malnutrition,0.0
Belgium,N/A for WC,N/A for WC,Water-borne disease,/m3,Water Consumption_N/A for WC_N/A for WC_Water-borne disease,0.0
Belgium,N/A for WC,N/A for WC,Resource cost,/m3,Water Consumption_N/A for WC_N/A for WC_Resource cost,10.01
Belgium,N/A for WC,N/A for WC,Ecosystem services,/m3,Water Consumption_N/A for WC_N/A for WC_Ecosystem services,1.73
Belize,N/A for WC,N/A for WC,Malnutrition,/m3,Water Consumption_N/A for WC_N/A for WC_Malnutrition,0.0
Belize,N/A for WC,N/A for WC,Water-borne disease,/m3,Water Consumption_N/A for WC_N/A for WC_Water-borne disease,0.0
Belize,N/A for WC,N/A for WC,Resource cost,/m3,Water Consumption_N/A for WC_N/A for WC_Resource cost,0.0
Belize,N/A for WC,N/A for WC,Ecosystem services,/m3,Water Consumption_N/A for WC_N/A for WC_Ecosystem services,0.91
Benin,N/A for WC,N/A for WC,Malnutrition,/m3,Water Consumption_N/A for WC_N/A for WC_Malnutrition,0.02
Benin,N/A for WC,N/A for WC,Water-borne disease,/m3,Water Consumption_N/A for WC_N/A for WC_Water-borne disease,0.0
Benin,N/A for WC,N/A for WC,Resource cost,/m3,Water Consumption_N/A for WC_N/A for WC_Resource cost,0.0
Benin,N/A for WC,N/A for WC,Ecosystem services,/m3,Water Consumption_N/A for WC_N/A for WC_Ecosystem services,0.58
Bermuda,N/A for WC,N/A for WC,Malnutrition,/m3,Water Consumption_N/A for WC_N/A for WC_Malnutrition,0.08
Bermuda,N/A for WC,N/A for WC,Water-borne disease,/m3,Water Consumption_N/A for WC_N/A for WC_Water-borne disease,0.01
Bermuda,N/A for WC,N/A for WC,Resource cost,/m3,Water Consumption_N/A for WC_N/A for WC_Resource cost,2.4
Bermuda,N/A for WC,N/A for WC,Ecosystem services,/m3,Water Consumption_N/A for WC_N/A for WC_Ecosystem services,1.78
Bhutan,N/A for WC,N/A for WC,Malnutrition,/m3,Water Consumption_N/A for WC_N/A for WC_Malnutrition,0.01
Bhutan,N/A for WC,N/A for WC,Water-borne disease,/m3,Water Consumption_N/A for WC_N/A for WC_Water-borne disease,0.19
Bhutan,N/A for WC,N/A for WC,Resource cost,/m3,Water Consumption_N/A for WC_N/A for WC_Resource cost,0.02
Bhutan,N/A for WC,N/A for WC,Ecosystem services,/m3,Water Consumption_N/A for WC_N/A for WC_Ecosystem services,1.71
Bolivia,N/A for WC,N/A for WC,Malnutrition,/m3,Water Consumption_N/A for WC_N/A for WC_Malnutrition,0.09
Bolivia,N/A for WC,N/A for WC,Water-borne disease,/m3,Water Consumption_N/A for WC_N/A for WC_Water-borne disease,0.06
Bolivia,N/A for WC,N/A for WC,Resource cost,/m3,Water Consumption_N/A for WC_N/A for WC_Resource cost,0.0
Bolivia,N/A for WC,N/A for WC,Ecosystem services,/m3,Water Consumption_N/A for WC_N/A for WC_Ecosystem services,0.67
Bosnia and Herzegovina,N/A for WC,N/A for WC,Malnutrition,/m3,Water Consumption_N/A for WC_N/A for WC_Malnutrition,0.0
Bosnia and Herzegovina,N/A for WC,N/A for WC,Water-borne disease,/m3,Water Consumption_N/A for WC_N/A for WC_Water-borne disease,0.0
Bosnia and Herzegovina,N/A for WC,N/A for WC,Resource cost,/m3,Water Consumption_N/A for WC_N/A for WC_Resource cost,0.0
Bosnia and Herzegovina,N/A for WC,N/A for WC,Ecosystem services,/m3,Water Consumption_N/A for WC_N/A for WC_Ecosystem services,2.12
Botswana,N/A for WC,N/A for WC,Malnutrition,/m3,Water Consumption_N/A for WC_N/A for WC_Malnutrition,0.31
Botswana,N/A for WC,N/A for WC,Water-borne disease,/m3,Water Consumption_N/A for WC_N/A for WC_Water-borne disease,0.0
Botswana,N/A for WC,N/A for WC,Resource cost,/m3,Water Consumption_N/A for WC_N/A for WC_Resource cost,0.11
Botswana,N/A for WC,N/A for WC,Ecosystem services,/m3,Water Consumption_N/A for WC_N/A for WC_Ecosystem services,0.37
Brazil,N/A for WC,N/A for WC,Malnutrition,/m3,Water Consumption_N/A for WC_N/A for WC_Malnutrition,0.01
Brazil,N/A for WC,N/A for WC,Water-borne disease,/m3,Water Consumption_N/A for WC_N/A for WC_Water-borne disease,0.0
Brazil,N/A for WC,N/A for WC,Resource cost,/m3,Water Consumption_N/A for WC_N/A for WC_Resource cost,0.0
Brazil,N/A for WC,N/A for WC,Ecosystem services,/m3,Water Consumption_N/A for WC_N/A for WC_Ecosystem services,0.77
British Virgin Islands,N/A for WC,N/A for WC,Malnutrition,/m3,Water Consumption_N/A for WC_N/A for WC_Malnutrition,0.08
British Virgin Islands,N/A for WC,N/A for WC,Water-borne disease,/m3,Water Consumption_N/A for WC_N/A for WC_Water-borne disease,0.18
British Virgin Islands,N/A for WC,N/A for WC,Resource cost,/m3,Water Consumption_N/A for WC_N/A for WC_Resource cost,0.0
British Virgin Islands,N/A for WC,N/A for WC,Ecosystem services,/m3,Water Consumption_N/A for WC_N/A for WC_Ecosystem services,1.19
Brunei Darussalam,N/A for WC,N/A for WC,Malnutrition,/m3,Water Consumption_N/A for WC_N/A for WC_Malnutrition,0.0
Brunei Darussalam,N/A for WC,N/A for WC,Water-borne disease,/m3,Water Consumption_N/A for WC_N/A for WC_Water-borne disease,0.0
Brunei Darussalam,N/A for WC,N/A for WC,Resource cost,/m3,Water Consumption_N/A for WC_N/A for WC_Resource cost,0.0
Brunei Darussalam,N/A for WC,N/A for WC,Ecosystem services,/m3,Water Consumption_N/A for WC_N/A for WC_Ecosystem services,0.74
Bulgaria,N/A for WC,N/A for WC,Malnutrition,/m3,Water Consumption_N/A for WC_N/A for WC_Malnutrition,0.02
Bulgaria,N/A for WC,N/A for WC,Water-borne disease,/m3,Water Consumption_N/A for WC_N/A for WC_Water-borne disease,0.0
Bulgaria,N/A for WC,N/A for WC,Resource cost,/m3,Water Consumption_N/A for WC_N/A for WC_Resource cost,0.0
Bulgaria,N/A for WC,N/A for WC,Ecosystem services,/m3,Water Consumption_N/A for WC_N/A for WC_Ecosystem services,2.0
Burkina Faso,N/A for WC,N/A for WC,Malnutrition,/m3,Water Consumption_N/A for WC_N/A for WC_Malnutrition,0.01
Burkina Faso,N/A for WC,N/A for WC,Water-borne disease,/m3,Water Consumption_N/A for WC_N/A for WC_Water-borne disease,0.0
Burkina Faso,N/A for WC,N/A for WC,Resource cost,/m3,Water Consumption_N/A for WC_N/A for WC_Resource cost,0.35
Burkina Faso,N/A for WC,N/A for WC,Ecosystem services,/m3,Water Consumption_N/A for WC_N/A for WC_Ecosystem services,0.87
Burundi,N/A for WC,N/A for WC,Malnutrition,/m3,Water Consumption_N/A for WC_N/A for WC_Malnutrition,0.01
Burundi,N/A for WC,N/A for WC,Water-borne disease,/m3,Water Consumption_N/A for WC_N/A for WC_Water-borne disease,0.16
Burundi,N/A for WC,N/A for WC,Resource cost,/m3,Water Consumption_N/A for WC_N/A for WC_Resource cost,0.0
Burundi,N/A for WC,N/A for WC,Ecosystem services,/m3,Water Consumption_N/A for WC_N/A for WC_Ecosystem services,1.92
Cabo Verde,N/A for WC,N/A for WC,Malnutrition,/m3,Water Consumption_N/A for WC_N/A for WC_Malnutrition,0.33
Cabo Verde,N/A for WC,N/A for WC,Water-borne disease,/m3,Water Consumption_N/A for WC_N/A for WC_Water-borne disease,0.0
Cabo Verde,N/A for WC,N/A for WC,Resource cost,/m3,Water Consumption_N/A for WC_N/A for WC_Resource cost,0.53
Cabo Verde,N/A for WC,N/A for WC,Ecosystem services,/m3,Water Consumption_N/A for WC_N/A for WC_Ecosystem services,1.21
Cambodia,N/A for WC,N/A for WC,Malnutrition,/m3,Water Consumption_N/A for WC_N/A for WC_Malnutrition,0.01
Cambodia,N/A for WC,N/A for WC,Water-borne disease,/m3,Water Consumption_N/A for WC_N/A for WC_Water-borne disease,0.29
Cambodia,N/A for WC,N/A for WC,Resource cost,/m3,Water Consumption_N/A for WC_N/A for WC_Resource cost,0.01
Cambodia,N/A for WC,N/A for WC,Ecosystem services,/m3,Water Consumption_N/A for WC_N/A for WC_Ecosystem services,1.37
Cameroon,N/A for WC,N/A for WC,Malnutrition,/m3,Water Consumption_N/A for WC_N/A for WC_Malnutrition,0.01
Cameroon,N/A for WC,N/A for WC,Water-borne disease,/m3,Water Consumption_N/A for WC_N/A for WC_Water-borne disease,1.86
Cameroon,N/A for WC,N/A for WC,Resource cost,/m3,Water Consumption_N/A for WC_N/A for WC_Resource cost,0.0
Cameroon,N/A for WC,N/A for WC,Ecosystem services,/m3,Water Consumption_N/A for WC_N/A for WC_Ecosystem services,0.74
Canada,N/A for WC,N/A for WC,Malnutrition,/m3,Water Consumption_N/A for WC_N/A for WC_Malnutrition,0.0
Canada,N/A for WC,N/A for WC,Water-borne disease,/m3,Water Consumption_N/A for WC_N/A for WC_Water-borne disease,0.02
Canada,N/A for WC,N/A for WC,Resource cost,/m3,Water Consumption_N/A for WC_N/A for WC_Resource cost,0.33
Canada,N/A for WC,N/A for WC,Ecosystem services,/m3,Water Consumption_N/A for WC_N/A for WC_Ecosystem services,1.94
Cayman Islands,N/A for WC,N/A for WC,Malnutrition,/m3,Water Consumption_N/A for WC_N/A for WC_Malnutrition,0.08
Cayman Islands,N/A for WC,N/A for WC,Water-borne disease,/m3,Water Consumption_N/A for WC_N/A for WC_Water-borne disease,0.18
Cayman Islands,N/A for WC,N/A for WC,Resource cost,/m3,Water Consumption_N/A for WC_N/A for WC_Resource cost,0.0
Cayman Islands,N/A for WC,N/A for WC,Ecosystem services,/m3,Water Consumption_N/A for WC_N/A for WC_Ecosystem services,1.19
Central African Republic,N/A for WC,N/A for WC,Malnutrition,/m3,Water Consumption_N/A for WC_N/A for WC_Malnutrition,0.0
Central African Republic,N/A for WC,N/A for WC,Water-borne disease,/m3,Water Consumption_N/A for WC_N/A for WC_Water-borne disease,0.39
Central African Republic,N/A for WC,N/A for WC,Resource cost,/m3,Water Consumption_N/A for WC_N/A for WC_Resource cost,0.0
Central African Republic,N/A for WC,N/A for WC,Ecosystem services,/m3,Water Consumption_N/A for WC_N/A for WC_Ecosystem services,0.61
Chad,N/A for WC,N/A for WC,Malnutrition,/m3,Water Consumption_N/A for WC_N/A for WC_Malnutrition,0.14
Chad,N/A for WC,N/A for WC,Water-borne disease,/m3,Water Consumption_N/A for WC_N/A for WC_Water-borne disease,0.58
Chad,N/A for WC,N/A for WC,Resource cost,/m3,Water Consumption_N/A for WC_N/A for WC_Resource cost,0.02
Chad,N/A for WC,N/A for WC,Ecosystem services,/m3,Water Consumption_N/A for WC_N/A for WC_Ecosystem services,0.27
Channel Islands,N/A for WC,N/A for WC,Malnutrition,/m3,Water Consumption_N/A for WC_N/A for WC_Malnutrition,0.08
Channel Islands,N/A for WC,N/A for WC,Water-borne disease,/m3,Water Consumption_N/A for WC_N/A for WC_Water-borne disease,0.0
Channel Islands,N/A for WC,N/A for WC,Resource cost,/m3,Water Consumption_N/A for WC_N/A for WC_Resource cost,1.38
Channel Islands,N/A for WC,N/A for WC,Ecosystem services,/m3,Water Consumption_N/A for WC_N/A for WC_Ecosystem services,2.02
Chile,N/A for WC,N/A for WC,Malnutrition,/m3,Water Consumption_N/A for WC_N/A for WC_Malnutrition,0.05
Chile,N/A for WC,N/A for WC,Water-borne disease,/m3,Water Consumption_N/A for WC_N/A for WC_Water-borne disease,1.79
Chile,N/A for WC,N/A for WC,Resource cost,/m3,Water Consumption_N/A for WC_N/A for WC_Resource cost,2.89
Chile,N/A for WC,N/A for WC,Ecosystem services,/m3,Water Consumption_N/A for WC_N/A for WC_Ecosystem services,1.38
China,N/A for WC,N/A for WC,Malnutrition,/m3,Water Consumption_N/A for WC_N/A for WC_Malnutrition,0.12
China,N/A for WC,N/A for WC,Water-borne disease,/m3,Water Consumption_N/A for WC_N/A for WC_Water-borne disease,0.0
China,N/A for WC,N/A for WC,Resource cost,/m3,Water Consumption_N/A for WC_N/A for WC_Resource cost,1.98
China,N/A for WC,N/A for WC,Ecosystem services,/m3,Water Consumption_N/A for WC_N/A for WC_Ecosystem services,0.96
Colombia,N/A for WC,N/A for WC,Malnutrition,/m3,Water Consumption_N/A for WC_N/A for WC_Malnutrition,0.0
Colombia,N/A for WC,N/A for WC,Water-borne disease,/m3,Water Consumption_N/A for WC_N/A for WC_Water-borne disease,0.0
Colombia,N/A for WC,N/A for WC,Resource cost,/m3,Water Consumption_N/A for WC_N/A for WC_Resource cost,0.0
Colombia,N/A for WC,N/A for WC,Ecosystem services,/m3,Water Consumption_N/A for WC_N/A for WC_Ecosystem services,0.66
Comoros,N/A for WC,N/A for WC,Malnutrition,/m3,Water Consumption_N/A for WC_N/A for WC_Malnutrition,0.33
Comoros,N/A for WC,N/A for WC,Water-borne disease,/m3,Water Consumption_N/A for WC_N/A for WC_Water-borne disease,0.0
Comoros,N/A for WC,N/A for WC,Resource cost,/m3,Water Consumption_N/A for WC_N/A for WC_Resource cost,0.0
Comoros,N/A for WC,N/A for WC,Ecosystem services,/m3,Water Consumption_N/A for WC_N/A for WC_Ecosystem services,1.94
Democratic Republic of the Congo,N/A for WC,N/A for WC,Malnutrition,/m3,Water Consumption_N/A for WC_N/A for WC_Malnutrition,0.01
Democratic Republic of the Congo,N/A for WC,N/A for WC,Water-borne disease,/m3,Water Consumption_N/A for WC_N/A for WC_Water-borne disease,0.0
Democratic Republic of the Congo,N/A for WC,N/A for WC,Resource cost,/m3,Water Consumption_N/A for WC_N/A for WC_Resource cost,0.01
Democratic Republic of the Congo,N/A for WC,N/A for WC,Ecosystem services,/m3,Water Consumption_N/A for WC_N/A for WC_Ecosystem services,0.86
Republic of the Congo,N/A for WC,N/A for WC,Malnutrition,/m3,Water Consumption_N/A for WC_N/A for WC_Malnutrition,0.0
Republic of the Congo,N/A for WC,N/A for WC,Water-borne disease,/m3,Water Consumption_N/A for WC_N/A for WC_Water-borne disease,0.05
Republic of the Congo,N/A for WC,N/A for WC,Resource cost,/m3,Water Consumption_N/A for WC_N/A for WC_Resource cost,0.0
Republic of the Congo,N/A for WC,N/A for WC,Ecosystem services,/m3,Water Consumption_N/A for WC_N/A for WC_Ecosystem services,0.67
Costa Rica,N/A for WC,N/A for WC,Malnutrition,/m3,Water Consumption_N/A for WC_N/A for WC_Malnutrition,0.0
Costa Rica,N/A for WC,N/A for WC,Water-borne disease,/m3,Water Consumption_N/A for WC_N/A for WC_Water-borne disease,0.04
Costa Rica,N/A for WC,N/A for WC,Resource cost,/m3,Water Consumption_N/A for WC_N/A for WC_Resource cost,0.0
Costa Rica,N/A for WC,N/A for WC,Ecosystem services,/m3,Water Consumption_N/A for WC_N/A for WC_Ecosystem services,0.82
Cote d'Ivoire,N/A for WC,N/A for WC,Malnutrition,/m3,Water Consumption_N/A for WC_N/A for WC_Malnutrition,0.01
Cote d'Ivoire,N/A for WC,N/A for WC,Water-borne disease,/m3,Water Consumption_N/A for WC_N/A for WC_Water-borne disease,0.0
Cote d'Ivoire,N/A for WC,N/A for WC,Resource cost,/m3,Water Consumption_N/A for WC_N/A for WC_Resource cost,0.0
Cote d'Ivoire,N/A for WC,N/A for WC,Ecosystem services,/m3,Water Consumption_N/A for WC_N/A for WC_Ecosystem services,0.68
Croatia,N/A for WC,N/A for WC,Malnutrition,/m3,Water Consumption_N/A for WC_N/A for WC_Malnutrition,0.0
Croatia,N/A for WC,N/A for WC,Water-borne disease,/m3,Water Consumption_N/A for WC_N/A for WC_Water-borne disease,0.01
Croatia,N/A for WC,N/A for WC,Resource cost,/m3,Water Consumption_N/A for WC_N/A for WC_Resource cost,0.0
Croatia,N/A for WC,N/A for WC,Ecosystem services,/m3,Water Consumption_N/A for WC_N/A for WC_Ecosystem services,2.03
Cuba,N/A for WC,N/A for WC,Malnutrition,/m3,Water Consumption_N/A for WC_N/A for WC_Malnutrition,0.03
Cuba,N/A for WC,N/A for WC,Water-borne disease,/m3,Water Consumption_N/A for WC_N/A for WC_Water-borne disease,0.0
Cuba,N/A for WC,N/A for WC,Resource cost,/m3,Water Consumption_N/A for WC_N/A for WC_Resource cost,0.0
Cuba,N/A for WC,N/A for WC,Ecosystem services,/m3,Water Consumption_N/A for WC_N/A for WC_Ecosystem services,1.35
Curacao,N/A for WC,N/A for WC,Malnutrition,/m3,Water Consumption_N/A for WC_N/A for WC_Malnutrition,0.08
Curacao,N/A for WC,N/A for WC,Water-borne disease,/m3,Water Consumption_N/A for WC_N/A for WC_Water-borne disease,0.18
Curacao,N/A for WC,N/A for WC,Resource cost,/m3,Water Consumption_N/A for WC_N/A for WC_Resource cost,0.0
Curacao,N/A for WC,N/A for WC,Ecosystem services,/m3,Water Consumption_N/A for WC_N/A for WC_Ecosystem services,1.19
Cyprus,N/A for WC,N/A for WC,Malnutrition,/m3,Water Consumption_N/A for WC_N/A for WC_Malnutrition,0.0
Cyprus,N/A for WC,N/A for WC,Water-borne disease,/m3,Water Consumption_N/A for WC_N/A for WC_Water-borne disease,0.0
Cyprus,N/A for WC,N/A for WC,Resource cost,/m3,Water Consumption_N/A for WC_N/A for WC_Resource cost,23.45
Cyprus,N/A for WC,N/A for WC,Ecosystem services,/m3,Water Consumption_N/A for WC_N/A for WC_Ecosystem services,1.27
Czechia,N/A for WC,N/A for WC,Malnutrition,/m3,Water Consumption_N/A for WC_N/A for WC_Malnutrition,0.0
Czechia,N/A for WC,N/A for WC,Water-borne disease,/m3,Water Consumption_N/A for WC_N/A for WC_Water-borne disease,0.0
Czechia,N/A for WC,N/A for WC,Resource cost,/m3,Water Consumption_N/A for WC_N/A for WC_Resource cost,0.0
Czechia,N/A for WC,N/A for WC,Ecosystem services,/m3,Water Consumption_N/A for WC_N/A for WC_Ecosystem services,1.98
Denmark,N/A for WC,N/A for WC,Malnutrition,/m3,Water Consumption_N/A for WC_N/A for WC_Malnutrition,0.0
Denmark,N/A for WC,N/A for WC,Water-borne disease,/m3,Water Consumption_N/A for WC_N/A for WC_Water-borne disease,0.43
Denmark,N/A for WC,N/A for WC,Resource cost,/m3,Water Consumption_N/A for WC_N/A for WC_Resource cost,0.0
Denmark,N/A for WC,N/A for WC,Ecosystem services,/m3,Water Consumption_N/A for WC_N/A for WC_Ecosystem services,2.11
Djibouti,N/A for WC,N/A for WC,Malnutrition,/m3,Water Consumption_N/A for WC_N/A for WC_Malnutrition,0.08
Djibouti,N/A for WC,N/A for WC,Water-borne disease,/m3,Water Consumption_N/A for WC_N/A for WC_Water-borne disease,0.0
Djibouti,N/A for WC,N/A for WC,Resource cost,/m3,Water Consumption_N/A for WC_N/A for WC_Resource cost,0.0
Djibouti,N/A for WC,N/A for WC,Ecosystem services,/m3,Water Consumption_N/A for WC_N/A for WC_Ecosystem services,0.19
Dominica,N/A for WC,N/A for WC,Malnutrition,/m3,Water Consumption_N/A for WC_N/A for WC_Malnutrition,0.08
Dominica,N/A for WC,N/A for WC,Water-borne disease,/m3,Water Consumption_N/A for WC_N/A for WC_Water-borne disease,0.0
Dominica,N/A for WC,N/A for WC,Resource cost,/m3,Water Consumption_N/A for WC_N/A for WC_Resource cost,0.0
Dominica,N/A for WC,N/A for WC,Ecosystem services,/m3,Water Consumption_N/A for WC_N/A for WC_Ecosystem services,0.68
Dominican Republic,N/A for WC,N/A for WC,Malnutrition,/m3,Water Consumption_N/A for WC_N/A for WC_Malnutrition,0.02
Dominican Republic,N/A for WC,N/A for WC,Water-borne disease,/m3,Water Consumption_N/A for WC_N/A for WC_Water-borne disease,0.18
Dominican Republic,N/A for WC,N/A for WC,Resource cost,/m3,Water Consumption_N/A for WC_N/A for WC_Resource cost,0.0
Dominican Republic,N/A for WC,N/A for WC,Ecosystem services,/m3,Water Consumption_N/A for WC_N/A for WC_Ecosystem services,0.96
Ecuador,N/A for WC,N/A for WC,Malnutrition,/m3,Water Consumption_N/A for WC_N/A for WC_Malnutrition,0.07
Ecuador,N/A for WC,N/A for WC,Water-borne disease,/m3,Water Consumption_N/A for WC_N/A for WC_Water-borne disease,0.0
Ecuador,N/A for WC,N/A for WC,Resource cost,/m3,Water Consumption_N/A for WC_N/A for WC_Resource cost,0.0
Ecuador,N/A for WC,N/A for WC,Ecosystem services,/m3,Water Consumption_N/A for WC_N/A for WC_Ecosystem services,0.76
Egypt,N/A for WC,N/A for WC,Malnutrition,/m3,Water Consumption_N/A for WC_N/A for WC_Malnutrition,0.41
Egypt,N/A for WC,N/A for WC,Water-borne disease,/m3,Water Consumption_N/A for WC_N/A for WC_Water-borne disease,0.0
Egypt,N/A for WC,N/A for WC,Resource cost,/m3,Water Consumption_N/A for WC_N/A for WC_Resource cost,1.6
Egypt,N/A for WC,N/A for WC,Ecosystem services,/m3,Water Consumption_N/A for WC_N/A for WC_Ecosystem services,0.15
El Salvador,N/A for WC,N/A for WC,Malnutrition,/m3,Water Consumption_N/A for WC_N/A for WC_Malnutrition,0.0
El Salvador,N/A for WC,N/A for WC,Water-borne disease,/m3,Water Consumption_N/A for WC_N/A for WC_Water-borne disease,0.0
El Salvador,N/A for WC,N/A for WC,Resource cost,/m3,Water Consumption_N/A for WC_N/A for WC_Resource cost,0.02
El Salvador,N/A for WC,N/A for WC,Ecosystem services,/m3,Water Consumption_N/A for WC_N/A for WC_Ecosystem services,1.06
Equatorial Guinea,N/A for WC,N/A for WC,Malnutrition,/m3,Water Consumption_N/A for WC_N/A for WC_Malnutrition,0.0
Equatorial Guinea,N/A for WC,N/A for WC,Water-borne disease,/m3,Water Consumption_N/A for WC_N/A for WC_Water-borne disease,0.0
Equatorial Guinea,N/A for WC,N/A for WC,Resource cost,/m3,Water Consumption_N/A for WC_N/A for WC_Resource cost,0.0
Equatorial Guinea,N/A for WC,N/A for WC,Ecosystem services,/m3,Water Consumption_N/A for WC_N/A for WC_Ecosystem services,0.7
Eritrea,N/A for WC,N/A for WC,Malnutrition,/m3,Water Consumption_N/A for WC_N/A for WC_Malnutrition,0.17
Eritrea,N/A for WC,N/A for WC,Water-borne disease,/m3,Water Consumption_N/A for WC_N/A for WC_Water-borne disease,0.0
Eritrea,N/A for WC,N/A for WC,Resource cost,/m3,Water Consumption_N/A for WC_N/A for WC_Resource cost,0.41
Eritrea,N/A for WC,N/A for WC,Ecosystem services,/m3,Water Consumption_N/A for WC_N/A for WC_Ecosystem services,0.23
Estonia,N/A for WC,N/A for WC,Malnutrition,/m3,Water Consumption_N/A for WC_N/A for WC_Malnutrition,0.0
Estonia,N/A for WC,N/A for WC,Water-borne disease,/m3,Water Consumption_N/A for WC_N/A for WC_Water-borne disease,5.88
Estonia,N/A for WC,N/A for WC,Resource cost,/m3,Water Consumption_N/A for WC_N/A for WC_Resource cost,0.0
Estonia,N/A for WC,N/A for WC,Ecosystem services,/m3,Water Consumption_N/A for WC_N/A for WC_Ecosystem services,2.86
Eswatini,N/A for WC,N/A for WC,Malnutrition,/m3,Water Consumption_N/A for WC_N/A for WC_Malnutrition,0.64
Eswatini,N/A for WC,N/A for WC,Water-borne disease,/m3,Water Consumption_N/A for WC_N/A for WC_Water-borne disease,0.0
Eswatini,N/A for WC,N/A for WC,Resource cost,/m3,Water Consumption_N/A for WC_N/A for WC_Resource cost,0.0
Eswatini,N/A for WC,N/A for WC,Ecosystem services,/m3,Water Consumption_N/A for WC_N/A for WC_Ecosystem services,0.86
Ethiopia,N/A for WC,N/A for WC,Malnutrition,/m3,Water Consumption_N/A for WC_N/A for WC_Malnutrition,0.34
Ethiopia,N/A for WC,N/A for WC,Water-borne disease,/m3,Water Consumption_N/A for WC_N/A for WC_Water-borne disease,0.0
Ethiopia,N/A for WC,N/A for WC,Resource cost,/m3,Water Consumption_N/A for WC_N/A for WC_Resource cost,0.03
Ethiopia,N/A for WC,N/A for WC,Ecosystem services,/m3,Water Consumption_N/A for WC_N/A for WC_Ecosystem services,0.68
Faroe Islands,N/A for WC,N/A for WC,Malnutrition,/m3,Water Consumption_N/A for WC_N/A for WC_Malnutrition,0.08
Faroe Islands,N/A for WC,N/A for WC,Water-borne disease,/m3,Water Consumption_N/A for WC_N/A for WC_Water-borne disease,0.0
Faroe Islands,N/A for WC,N/A for WC,Resource cost,/m3,Water Consumption_N/A for WC_N/A for WC_Resource cost,1.38
Faroe Islands,N/A for WC,N/A for WC,Ecosystem services,/m3,Water Consumption_N/A for WC_N/A for WC_Ecosystem services,2.02
Fiji,N/A for WC,N/A for WC,Malnutrition,/m3,Water Consumption_N/A for WC_N/A for WC_Malnutrition,0.0
Fiji,N/A for WC,N/A for WC,Water-borne disease,/m3,Water Consumption_N/A for WC_N/A for WC_Water-borne disease,1.14
Fiji,N/A for WC,N/A for WC,Resource cost,/m3,Water Consumption_N/A for WC_N/A for WC_Resource cost,0.0
Fiji,N/A for WC,N/A for WC,Ecosystem services,/m3,Water Consumption_N/A for WC_N/A for WC_Ecosystem services,1.3
Finland,N/A for WC,N/A for WC,Malnutrition,/m3,Water Consumption_N/A for WC_N/A for WC_Malnutrition,0.0
Finland,N/A for WC,N/A for WC,Water-borne disease,/m3,Water Consumption_N/A for WC_N/A for WC_Water-borne disease,0.01
Finland,N/A for WC,N/A for WC,Resource cost,/m3,Water Consumption_N/A for WC_N/A for WC_Resource cost,0.0
Finland,N/A for WC,N/A for WC,Ecosystem services,/m3,Water Consumption_N/A for WC_N/A for WC_Ecosystem services,3.09
France,N/A for WC,N/A for WC,Malnutrition,/m3,Water Consumption_N/A for WC_N/A for WC_Malnutrition,0.01
France,N/A for WC,N/A for WC,Water-borne disease,/m3,Water Consumption_N/A for WC_N/A for WC_Water-borne disease,0.0
France,N/A for WC,N/A for WC,Resource cost,/m3,Water Consumption_N/A for WC_N/A for WC_Resource cost,0.51
France,N/A for WC,N/A for WC,Ecosystem services,/m3,Water Consumption_N/A for WC_N/A for WC_Ecosystem services,1.74
French Polynesia,N/A for WC,N/A for WC,Malnutrition,/m3,Water Consumption_N/A for WC_N/A for WC_Malnutrition,0.3
French Polynesia,N/A for WC,N/A for WC,Water-borne disease,/m3,Water Consumption_N/A for WC_N/A for WC_Water-borne disease,0.11
French Polynesia,N/A for WC,N/A for WC,Resource cost,/m3,Water Consumption_N/A for WC_N/A for WC_Resource cost,0.03
French Polynesia,N/A for WC,N/A for WC,Ecosystem services,/m3,Water Consumption_N/A for WC_N/A for WC_Ecosystem services,4.53
Gabon,N/A for WC,N/A for WC,Malnutrition,/m3,Water Consumption_N/A for WC_N/A for WC_Malnutrition,0.0
Gabon,N/A for WC,N/A for WC,Water-borne disease,/m3,Water Consumption_N/A for WC_N/A for WC_Water-borne disease,0.0
Gabon,N/A for WC,N/A for WC,Resource cost,/m3,Water Consumption_N/A for WC_N/A for WC_Resource cost,0.0
Gabon,N/A for WC,N/A for WC,Ecosystem services,/m3,Water Consumption_N/A for WC_N/A for WC_Ecosystem services,0.72
Gambia,N/A for WC,N/A for WC,Malnutrition,/m3,Water Consumption_N/A for WC_N/A for WC_Malnutrition,0.0
Gambia,N/A for WC,N/A for WC,Water-borne disease,/m3,Water Consumption_N/A for WC_N/A for WC_Water-borne disease,0.0
Gambia,N/A for WC,N/A for WC,Resource cost,/m3,Water Consumption_N/A for WC_N/A for WC_Resource cost,0.0
Gambia,N/A for WC,N/A for WC,Ecosystem services,/m3,Water Consumption_N/A for WC_N/A for WC_Ecosystem services,1.76
Georgia,N/A for WC,N/A for WC,Malnutrition,/m3,Water Consumption_N/A for WC_N/A for WC_Malnutrition,0.0
Georgia,N/A for WC,N/A for WC,Water-borne disease,/m3,Water Consumption_N/A for WC_N/A for WC_Water-borne disease,0.18
Georgia,N/A for WC,N/A for WC,Resource cost,/m3,Water Consumption_N/A for WC_N/A for WC_Resource cost,0.0
Georgia,N/A for WC,N/A for WC,Ecosystem services,/m3,Water Consumption_N/A for WC_N/A for WC_Ecosystem services,1.81
Germany,N/A for WC,N/A for WC,Malnutrition,/m3,Water Consumption_N/A for WC_N/A for WC_Malnutrition,0.01
Germany,N/A for WC,N/A for WC,Water-borne disease,/m3,Water Consumption_N/A for WC_N/A for WC_Water-borne disease,0.0
Germany,N/A for WC,N/A for WC,Resource cost,/m3,Water Consumption_N/A for WC_N/A for WC_Resource cost,0.0
Germany,N/A for WC,N/A for WC,Ecosystem services,/m3,Water Consumption_N/A for WC_N/A for WC_Ecosystem services,1.93
Ghana,N/A for WC,N/A for WC,Malnutrition,/m3,Water Consumption_N/A for WC_N/A for WC_Malnutrition,0.15
Ghana,N/A for WC,N/A for WC,Water-borne disease,/m3,Water Consumption_N/A for WC_N/A for WC_Water-borne disease,0.0
Ghana,N/A for WC,N/A for WC,Resource cost,/m3,Water Consumption_N/A for WC_N/A for WC_Resource cost,0.0
Ghana,N/A for WC,N/A for WC,Ecosystem services,/m3,Water Consumption_N/A for WC_N/A for WC_Ecosystem services,0.95
Gibraltar,N/A for WC,N/A for WC,Malnutrition,/m3,Water Consumption_N/A for WC_N/A for WC_Malnutrition,0.08
Gibraltar,N/A for WC,N/A for WC,Water-borne disease,/m3,Water Consumption_N/A for WC_N/A for WC_Water-borne disease,0.0
Gibraltar,N/A for WC,N/A for WC,Resource cost,/m3,Water Consumption_N/A for WC_N/A for WC_Resource cost,1.38
Gibraltar,N/A for WC,N/A for WC,Ecosystem services,/m3,Water Consumption_N/A for WC_N/A for WC_Ecosystem services,2.02
Greece,N/A for WC,N/A for WC,Malnutrition,/m3,Water Consumption_N/A for WC_N/A for WC_Malnutrition,0.0
Greece,N/A for WC,N/A for WC,Water-borne disease,/m3,Water Consumption_N/A for WC_N/A for WC_Water-borne disease,0.01
Greece,N/A for WC,N/A for WC,Resource cost,/m3,Water Consumption_N/A for WC_N/A for WC_Resource cost,7.06
Greece,N/A for WC,N/A for WC,Ecosystem services,/m3,Water Consumption_N/A for WC_N/A for WC_Ecosystem services,1.74
Greenland,N/A for WC,N/A for WC,Malnutrition,/m3,Water Consumption_N/A for WC_N/A for WC_Malnutrition,0.08
Greenland,N/A for WC,N/A for WC,Water-borne disease,/m3,Water Consumption_N/A for WC_N/A for WC_Water-borne disease,0.0
Greenland,N/A for WC,N/A for WC,Resource cost,/m3,Water Consumption_N/A for WC_N/A for WC_Resource cost,1.38
Greenland,N/A for WC,N/A for WC,Ecosystem services,/m3,Water Consumption_N/A for WC_N/A for WC_Ecosystem services,2.02
Grenada,N/A for WC,N/A for WC,Malnutrition,/m3,Water Consumption_N/A for WC_N/A for WC_Malnutrition,0.08
Grenada,N/A for WC,N/A for WC,Water-borne disease,/m3,Water Consumption_N/A for WC_N/A for WC_Water-borne disease,0.0
Grenada,N/A for WC,N/A for WC,Resource cost,/m3,Water Consumption_N/A for WC_N/A for WC_Resource cost,0.0
Grenada,N/A for WC,N/A for WC,Ecosystem services,/m3,Water Consumption_N/A for WC_N/A for WC_Ecosystem services,0.92
Guam,N/A for WC,N/A for WC,Malnutrition,/m3,Water Consumption_N/A for WC_N/A for WC_Malnutrition,0.3
Guam,N/A for WC,N/A for WC,Water-borne disease,/m3,Water Consumption_N/A for WC_N/A for WC_Water-borne disease,0.11
Guam,N/A for WC,N/A for WC,Resource cost,/m3,Water Consumption_N/A for WC_N/A for WC_Resource cost,0.03
Guam,N/A for WC,N/A for WC,Ecosystem services,/m3,Water Consumption_N/A for WC_N/A for WC_Ecosystem services,4.53
Guatemala,N/A for WC,N/A for WC,Malnutrition,/m3,Water Consumption_N/A for WC_N/A for WC_Malnutrition,0.03
Guatemala,N/A for WC,N/A for WC,Water-borne disease,/m3,Water Consumption_N/A for WC_N/A for WC_Water-borne disease,0.04
Guatemala,N/A for WC,N/A for WC,Resource cost,/m3,Water Consumption_N/A for WC_N/A for WC_Resource cost,0.0
Guatemala,N/A for WC,N/A for WC,Ecosystem services,/m3,Water Consumption_N/A for WC_N/A for WC_Ecosystem services,0.82
Guinea,N/A for WC,N/A for WC,Malnutrition,/m3,Water Consumption_N/A for WC_N/A for WC_Malnutrition,0.01
Guinea,N/A for WC,N/A for WC,Water-borne disease,/m3,Water Consumption_N/A for WC_N/A for WC_Water-borne disease,0.0
Guinea,N/A for WC,N/A for WC,Resource cost,/m3,Water Consumption_N/A for WC_N/A for WC_Resource cost,0.0
Guinea,N/A for WC,N/A for WC,Ecosystem services,/m3,Water Consumption_N/A for WC_N/A for WC_Ecosystem services,0.6
Guinea-Bissau,N/A for WC,N/A for WC,Malnutrition,/m3,Water Consumption_N/A for WC_N/A for WC_Malnutrition,0.0
Guinea-Bissau,N/A for WC,N/A for WC,Water-borne disease,/m3,Water Consumption_N/A for WC_N/A for WC_Water-borne disease,0.02
Guinea-Bissau,N/A for WC,N/A for WC,Resource cost,/m3,Water Consumption_N/A for WC_N/A for WC_Resource cost,0.0
Guinea-Bissau,N/A for WC,N/A for WC,Ecosystem services,/m3,Water Consumption_N/A for WC_N/A for WC_Ecosystem services,1.26
Guyana,N/A for WC,N/A for WC,Malnutrition,/m3,Water Consumption_N/A for WC_N/A for WC_Malnutrition,0.01
Guyana,N/A for WC,N/A for WC,Water-borne disease,/m3,Water Consumption_N/A for WC_N/A for WC_Water-borne disease,0.04
Guyana,N/A for WC,N/A for WC,Resource cost,/m3,Water Consumption_N/A for WC_N/A for WC_Resource cost,0.0
Guyana,N/A for WC,N/A for WC,Ecosystem services,/m3,Water Consumption_N/A for WC_N/A for WC_Ecosystem services,0.68
Haiti,N/A for WC,N/A for WC,Malnutrition,/m3,Water Consumption_N/A for WC_N/A for WC_Malnutrition,0.02
Haiti,N/A for WC,N/A for WC,Water-borne disease,/m3,Water Consumption_N/A for WC_N/A for WC_Water-borne disease,0.0
Haiti,N/A for WC,N/A for WC,Resource cost,/m3,Water Consumption_N/A for WC_N/A for WC_Resource cost,0.0
Haiti,N/A for WC,N/A for WC,Ecosystem services,/m3,Water Consumption_N/A for WC_N/A for WC_Ecosystem services,1.3
Honduras,N/A for WC,N/A for WC,Malnutrition,/m3,Water Consumption_N/A for WC_N/A for WC_Malnutrition,0.02
Honduras,N/A for WC,N/A for WC,Water-borne disease,/m3,Water Consumption_N/A for WC_N/A for WC_Water-borne disease,0.14
Honduras,N/A for WC,N/A for WC,Resource cost,/m3,Water Consumption_N/A for WC_N/A for WC_Resource cost,0.0
Honduras,N/A for WC,N/A for WC,Ecosystem services,/m3,Water Consumption_N/A for WC_N/A for WC_Ecosystem services,0.83
Hong Kong SAR,N/A for WC,N/A for WC,Malnutrition,/m3,Water Consumption_N/A for WC_N/A for WC_Malnutrition,0.09
Hong Kong SAR,N/A for WC,N/A for WC,Water-borne disease,/m3,Water Consumption_N/A for WC_N/A for WC_Water-borne disease,0.0
Hong Kong SAR,N/A for WC,N/A for WC,Resource cost,/m3,Water Consumption_N/A for WC_N/A for WC_Resource cost,0.0
Hong Kong SAR,N/A for WC,N/A for WC,Ecosystem services,/m3,Water Consumption_N/A for WC_N/A for WC_Ecosystem services,2.42
Hungary,N/A for WC,N/A for WC,Malnutrition,/m3,Water Consumption_N/A for WC_N/A for WC_Malnutrition,0.0
Hungary,N/A for WC,N/A for WC,Water-borne disease,/m3,Water Consumption_N/A for WC_N/A for WC_Water-borne disease,0.0
Hungary,N/A for WC,N/A for WC,Resource cost,/m3,Water Consumption_N/A for WC_N/A for WC_Resource cost,0.0
Hungary,N/A for WC,N/A for WC,Ecosystem services,/m3,Water Consumption_N/A for WC_N/A for WC_Ecosystem services,1.97
Iceland,N/A for WC,N/A for WC,Malnutrition,/m3,Water Consumption_N/A for WC_N/A for WC_Malnutrition,0.07
Iceland,N/A for WC,N/A for WC,Water-borne disease,/m3,Water Consumption_N/A for WC_N/A for WC_Water-borne disease,0.0
Iceland,N/A for WC,N/A for WC,Resource cost,/m3,Water Consumption_N/A for WC_N/A for WC_Resource cost,0.0
Iceland,N/A for WC,N/A for WC,Ecosystem services,/m3,Water Consumption_N/A for WC_N/A for WC_Ecosystem services,0.66
India,N/A for WC,N/A for WC,Malnutrition,/m3,Water Consumption_N/A for WC_N/A for WC_Malnutrition,0.01
India,N/A for WC,N/A for WC,Water-borne disease,/m3,Water Consumption_N/A for WC_N/A for WC_Water-borne disease,0.0
India,N/A for WC,N/A for WC,Resource cost,/m3,Water Consumption_N/A for WC_N/A for WC_Resource cost,1.6
India,N/A for WC,N/A for WC,Ecosystem services,/m3,Water Consumption_N/A for WC_N/A for WC_Ecosystem services,1.52
Indonesia,N/A for WC,N/A for WC,Malnutrition,/m3,Water Consumption_N/A for WC_N/A for WC_Malnutrition,0.0
Indonesia,N/A for WC,N/A for WC,Water-borne disease,/m3,Water Consumption_N/A for WC_N/A for WC_Water-borne disease,0.0
Indonesia,N/A for WC,N/A for WC,Resource cost,/m3,Water Consumption_N/A for WC_N/A for WC_Resource cost,0.03
Indonesia,N/A for WC,N/A for WC,Ecosystem services,/m3,Water Consumption_N/A for WC_N/A for WC_Ecosystem services,0.89
Iran,N/A for WC,N/A for WC,Malnutrition,/m3,Water Consumption_N/A for WC_N/A for WC_Malnutrition,0.0
Iran,N/A for WC,N/A for WC,Water-borne disease,/m3,Water Consumption_N/A for WC_N/A for WC_Water-borne disease,0.0
Iran,N/A for WC,N/A for WC,Resource cost,/m3,Water Consumption_N/A for WC_N/A for WC_Resource cost,5.38
Iran,N/A for WC,N/A for WC,Ecosystem services,/m3,Water Consumption_N/A for WC_N/A for WC_Ecosystem services,0.3
Iraq,N/A for WC,N/A for WC,Malnutrition,/m3,Water Consumption_N/A for WC_N/A for WC_Malnutrition,0.71
Iraq,N/A for WC,N/A for WC,Water-borne disease,/m3,Water Consumption_N/A for WC_N/A for WC_Water-borne disease,0.0
Iraq,N/A for WC,N/A for WC,Resource cost,/m3,Water Consumption_N/A for WC_N/A for WC_Resource cost,2.88
Iraq,N/A for WC,N/A for WC,Ecosystem services,/m3,Water Consumption_N/A for WC_N/A for WC_Ecosystem services,0.37
Ireland,N/A for WC,N/A for WC,Malnutrition,/m3,Water Consumption_N/A for WC_N/A for WC_Malnutrition,0.12
Ireland,N/A for WC,N/A for WC,Water-borne disease,/m3,Water Consumption_N/A for WC_N/A for WC_Water-borne disease,0.0
Ireland,N/A for WC,N/A for WC,Resource cost,/m3,Water Consumption_N/A for WC_N/A for WC_Resource cost,0.0
Ireland,N/A for WC,N/A for WC,Ecosystem services,/m3,Water Consumption_N/A for WC_N/A for WC_Ecosystem services,0.74
Isle of Man,N/A for WC,N/A for WC,Malnutrition,/m3,Water Consumption_N/A for WC_N/A for WC_Malnutrition,0.08
Isle of Man,N/A for WC,N/A for WC,Water-borne disease,/m3,Water Consumption_N/A for WC_N/A for WC_Water-borne disease,0.0
Isle of Man,N/A for WC,N/A for WC,Resource cost,/m3,Water Consumption_N/A for WC_N/A for WC_Resource cost,1.38
Isle of Man,N/A for WC,N/A for WC,Ecosystem services,/m3,Water Consumption_N/A for WC_N/A for WC_Ecosystem services,2.02
Israel,N/A for WC,N/A for WC,Malnutrition,/m3,Water Consumption_N/A for WC_N/A for WC_Malnutrition,0.15
Israel,N/A for WC,N/A for WC,Water-borne disease,/m3,Water Consumption_N/A for WC_N/A for WC_Water-borne disease,0.0
Israel,N/A for WC,N/A for WC,Resource cost,/m3,Water Consumption_N/A for WC_N/A for WC_Resource cost,25.24
Israel,N/A for WC,N/A for WC,Ecosystem services,/m3,Water Consumption_N/A for WC_N/A for WC_Ecosystem services,0.94
Italy,N/A for WC,N/A for WC,Malnutrition,/m3,Water Consumption_N/A for WC_N/A for WC_Malnutrition,0.33
Italy,N/A for WC,N/A for WC,Water-borne disease,/m3,Water Consumption_N/A for WC_N/A for WC_Water-borne disease,0.0
Italy,N/A for WC,N/A for WC,Resource cost,/m3,Water Consumption_N/A for WC_N/A for WC_Resource cost,8.1
Italy,N/A for WC,N/A for WC,Ecosystem services,/m3,Water Consumption_N/A for WC_N/A for WC_Ecosystem services,1.86
Jamaica,N/A for WC,N/A for WC,Malnutrition,/m3,Water Consumption_N/A for WC_N/A for WC_Malnutrition,0.0
Jamaica,N/A for WC,N/A for WC,Water-borne disease,/m3,Water Consumption_N/A for WC_N/A for WC_Water-borne disease,0.0
Jamaica,N/A for WC,N/A for WC,Resource cost,/m3,Water Consumption_N/A for WC_N/A for WC_Resource cost,0.0
Jamaica,N/A for WC,N/A for WC,Ecosystem services,/m3,Water Consumption_N/A for WC_N/A for WC_Ecosystem services,0.82
Japan,N/A for WC,N/A for WC,Malnutrition,/m3,Water Consumption_N/A for WC_N/A for WC_Malnutrition,0.09
Japan,N/A for WC,N/A for WC,Water-borne disease,/m3,Water Consumption_N/A for WC_N/A for WC_Water-borne disease,0.0
Japan,N/A for WC,N/A for WC,Resource cost,/m3,Water Consumption_N/A for WC_N/A for WC_Resource cost,0.0
Japan,N/A for WC,N/A for WC,Ecosystem services,/m3,Water Consumption_N/A for WC_N/A for WC_Ecosystem services,2.42
Jordan,N/A for WC,N/A for WC,Malnutrition,/m3,Water Consumption_N/A for WC_N/A for WC_Malnutrition,0.0
Jordan,N/A for WC,N/A for WC,Water-borne disease,/m3,Water Consumption_N/A for WC_N/A for WC_Water-borne disease,0.0
Jordan,N/A for WC,N/A for WC,Resource cost,/m3,Water Consumption_N/A for WC_N/A for WC_Resource cost,2.47
Jordan,N/A for WC,N/A for WC,Ecosystem services,/m3,Water Consumption_N/A for WC_N/A for WC_Ecosystem services,0.17
Kazakhstan,N/A for WC,N/A for WC,Malnutrition,/m3,Water Consumption_N/A for WC_N/A for WC_Malnutrition,0.0
Kazakhstan,N/A for WC,N/A for WC,Water-borne disease,/m3,Water Consumption_N/A for WC_N/A for WC_Water-borne disease,0.0
Kazakhstan,N/A for WC,N/A for WC,Resource cost,/m3,Water Consumption_N/A for WC_N/A for WC_Resource cost,1.61
Kazakhstan,N/A for WC,N/A for WC,Ecosystem services,/m3,Water Consumption_N/A for WC_N/A for WC_Ecosystem services,0.84
Kenya,N/A for WC,N/A for WC,Malnutrition,/m3,Water Consumption_N/A for WC_N/A for WC_Malnutrition,0.0
Kenya,N/A for WC,N/A for WC,Water-borne disease,/m3,Water Consumption_N/A for WC_N/A for WC_Water-borne disease,0.0
Kenya,N/A for WC,N/A for WC,Resource cost,/m3,Water Consumption_N/A for WC_N/A for WC_Resource cost,0.06
Kenya,N/A for WC,N/A for WC,Ecosystem services,/m3,Water Consumption_N/A for WC_N/A for WC_Ecosystem services,0.73
Kiribati,N/A for WC,N/A for WC,Malnutrition,/m3,Water Consumption_N/A for WC_N/A for WC_Malnutrition,0.3
Kiribati,N/A for WC,N/A for WC,Water-borne disease,/m3,Water Consumption_N/A for WC_N/A for WC_Water-borne disease,0.0
Kiribati,N/A for WC,N/A for WC,Resource cost,/m3,Water Consumption_N/A for WC_N/A for WC_Resource cost,0.03
Kiribati,N/A for WC,N/A for WC,Ecosystem services,/m3,Water Consumption_N/A for WC_N/A for WC_Ecosystem services,13.27
North Korea,N/A for WC,N/A for WC,Malnutrition,/m3,Water Consumption_N/A for WC_N/A for WC_Malnutrition,0.01
North Korea,N/A for WC,N/A for WC,Water-borne disease,/m3,Water Consumption_N/A for WC_N/A for WC_Water-borne disease,0.0
North Korea,N/A for WC,N/A for WC,Resource cost,/m3,Water Consumption_N/A for WC_N/A for WC_Resource cost,0.0
North Korea,N/A for WC,N/A for WC,Ecosystem services,/m3,Water Consumption_N/A for WC_N/A for WC_Ecosystem services,2.19
South Korea,N/A for WC,N/A for WC,Malnutrition,/m3,Water Consumption_N/A for WC_N/A for WC_Malnutrition,0.0
South Korea,N/A for WC,N/A for WC,Water-borne disease,/m3,Water Consumption_N/A for WC_N/A for WC_Water-borne disease,0.0
South Korea,N/A for WC,N/A for WC,Resource cost,/m3,Water Consumption_N/A for WC_N/A for WC_Resource cost,0.0
South Korea,N/A for WC,N/A for WC,Ecosystem services,/m3,Water Consumption_N/A for WC_N/A for WC_Ecosystem services,2.27
Kosovo,N/A for WC,N/A for WC,Malnutrition,/m3,Water Consumption_N/A for WC_N/A for WC_Malnutrition,0.01
Kosovo,N/A for WC,N/A for WC,Water-borne disease,/m3,Water Consumption_N/A for WC_N/A for WC_Water-borne disease,0.03
Kosovo,N/A for WC,N/A for WC,Resource cost,/m3,Water Consumption_N/A for WC_N/A for WC_Resource cost,0.26
Kosovo,N/A for WC,N/A for WC,Ecosystem services,/m3,Water Consumption_N/A for WC_N/A for WC_Ecosystem services,2.08
Kuwait,N/A for WC,N/A for WC,Malnutrition,/m3,Water Consumption_N/A for WC_N/A for WC_Malnutrition,0.11
Kuwait,N/A for WC,N/A for WC,Water-borne disease,/m3,Water Consumption_N/A for WC_N/A for WC_Water-borne disease,0.0
Kuwait,N/A for WC,N/A for WC,Resource cost,/m3,Water Consumption_N/A for WC_N/A for WC_Resource cost,14.23
Kuwait,N/A for WC,N/A for WC,Ecosystem services,/m3,Water Consumption_N/A for WC_N/A for WC_Ecosystem services,0.01
Kyrgyz Republic,N/A for WC,N/A for WC,Malnutrition,/m3,Water Consumption_N/A for WC_N/A for WC_Malnutrition,0.1
Kyrgyz Republic,N/A for WC,N/A for WC,Water-borne disease,/m3,Water Consumption_N/A for WC_N/A for WC_Water-borne disease,0.0
Kyrgyz Republic,N/A for WC,N/A for WC,Resource cost,/m3,Water Consumption_N/A for WC_N/A for WC_Resource cost,0.17
Kyrgyz Republic,N/A for WC,N/A for WC,Ecosystem services,/m3,Water Consumption_N/A for WC_N/A for WC_Ecosystem services,1.03
Lao,N/A for WC,N/A for WC,Malnutrition,/m3,Water Consumption_N/A for WC_N/A for WC_Malnutrition,0.02
Lao,N/A for WC,N/A for WC,Water-borne disease,/m3,Water Consumption_N/A for WC_N/A for WC_Water-borne disease,0.0
Lao,N/A for WC,N/A for WC,Resource cost,/m3,Water Consumption_N/A for WC_N/A for WC_Resource cost,0.0
Lao,N/A for WC,N/A for WC,Ecosystem services,/m3,Water Consumption_N/A for WC_N/A for WC_Ecosystem services,0.76
Latvia,N/A for WC,N/A for WC,Malnutrition,/m3,Water Consumption_N/A for WC_N/A for WC_Malnutrition,0.0
Latvia,N/A for WC,N/A for WC,Water-borne disease,/m3,Water Consumption_N/A for WC_N/A for WC_Water-borne disease,0.0
Latvia,N/A for WC,N/A for WC,Resource cost,/m3,Water Consumption_N/A for WC_N/A for WC_Resource cost,0.0
Latvia,N/A for WC,N/A for WC,Ecosystem services,/m3,Water Consumption_N/A for WC_N/A for WC_Ecosystem services,2.24
Lebanon,N/A for WC,N/A for WC,Malnutrition,/m3,Water Consumption_N/A for WC_N/A for WC_Malnutrition,0.21
Lebanon,N/A for WC,N/A for WC,Water-borne disease,/m3,Water Consumption_N/A for WC_N/A for WC_Water-borne disease,0.0
Lebanon,N/A for WC,N/A for WC,Resource cost,/m3,Water Consumption_N/A for WC_N/A for WC_Resource cost,6.05
Lebanon,N/A for WC,N/A for WC,Ecosystem services,/m3,Water Consumption_N/A for WC_N/A for WC_Ecosystem services,0.95
Lesotho,N/A for WC,N/A for WC,Malnutrition,/m3,Water Consumption_N/A for WC_N/A for WC_Malnutrition,0.01
Lesotho,N/A for WC,N/A for WC,Water-borne disease,/m3,Water Consumption_N/A for WC_N/A for WC_Water-borne disease,0.0
Lesotho,N/A for WC,N/A for WC,Resource cost,/m3,Water Consumption_N/A for WC_N/A for WC_Resource cost,0.3
Lesotho,N/A for WC,N/A for WC,Ecosystem services,/m3,Water Consumption_N/A for WC_N/A for WC_Ecosystem services,0.36
Liberia,N/A for WC,N/A for WC,Malnutrition,/m3,Water Consumption_N/A for WC_N/A for WC_Malnutrition,0.0
Liberia,N/A for WC,N/A for WC,Water-borne disease,/m3,Water Consumption_N/A for WC_N/A for WC_Water-borne disease,0.03
Liberia,N/A for WC,N/A for WC,Resource cost,/m3,Water Consumption_N/A for WC_N/A for WC_Resource cost,0.0
Liberia,N/A for WC,N/A for WC,Ecosystem services,/m3,Water Consumption_N/A for WC_N/A for WC_Ecosystem services,0.7
Libya,N/A for WC,N/A for WC,Malnutrition,/m3,Water Consumption_N/A for WC_N/A for WC_Malnutrition,0.23
Libya,N/A for WC,N/A for WC,Water-borne disease,/m3,Water Consumption_N/A for WC_N/A for WC_Water-borne disease,0.34
Libya,N/A for WC,N/A for WC,Resource cost,/m3,Water Consumption_N/A for WC_N/A for WC_Resource cost,0.58
Libya,N/A for WC,N/A for WC,Ecosystem services,/m3,Water Consumption_N/A for WC_N/A for WC_Ecosystem services,0.01
Liechtenstein,N/A for WC,N/A for WC,Malnutrition,/m3,Water Consumption_N/A for WC_N/A for WC_Malnutrition,0.48
Liechtenstein,N/A for WC,N/A for WC,Water-borne disease,/m3,Water Consumption_N/A for WC_N/A for WC_Water-borne disease,0.0
Liechtenstein,N/A for WC,N/A for WC,Resource cost,/m3,Water Consumption_N/A for WC_N/A for WC_Resource cost,0.0
Liechtenstein,N/A for WC,N/A for WC,Ecosystem services,/m3,Water Consumption_N/A for WC_N/A for WC_Ecosystem services,1.89
Lithuania,N/A for WC,N/A for WC,Malnutrition,/m3,Water Consumption_N/A for WC_N/A for WC_Malnutrition,0.02
Lithuania,N/A for WC,N/A for WC,Water-borne disease,/m3,Water Consumption_N/A for WC_N/A for WC_Water-borne disease,0.0
Lithuania,N/A for WC,N/A for WC,Resource cost,/m3,Water Consumption_N/A for WC_N/A for WC_Resource cost,0.0
Lithuania,N/A for WC,N/A for WC,Ecosystem services,/m3,Water Consumption_N/A for WC_N/A for WC_Ecosystem services,2.04
Luxembourg,N/A for WC,N/A for WC,Malnutrition,/m3,Water Consumption_N/A for WC_N/A for WC_Malnutrition,0.1
Luxembourg,N/A for WC,N/A for WC,Water-borne disease,/m3,Water Consumption_N/A for WC_N/A for WC_Water-borne disease,0.0
Luxembourg,N/A for WC,N/A for WC,Resource cost,/m3,Water Consumption_N/A for WC_N/A for WC_Resource cost,0.0
Luxembourg,N/A for WC,N/A for WC,Ecosystem services,/m3,Water Consumption_N/A for WC_N/A for WC_Ecosystem services,1.84
Macao,N/A for WC,N/A for WC,Malnutrition,/m3,Water Consumption_N/A for WC_N/A for WC_Malnutrition,0.09
Macao,N/A for WC,N/A for WC,Water-borne disease,/m3,Water Consumption_N/A for WC_N/A for WC_Water-borne disease,0.0
Macao,N/A for WC,N/A for WC,Resource cost,/m3,Water Consumption_N/A for WC_N/A for WC_Resource cost,0.0
Macao,N/A for WC,N/A for WC,Ecosystem services,/m3,Water Consumption_N/A for WC_N/A for WC_Ecosystem services,2.42
Madagascar,N/A for WC,N/A for WC,Malnutrition,/m3,Water Consumption_N/A for WC_N/A for WC_Malnutrition,0.0
Madagascar,N/A for WC,N/A for WC,Water-borne disease,/m3,Water Consumption_N/A for WC_N/A for WC_Water-borne disease,0.0
Madagascar,N/A for WC,N/A for WC,Resource cost,/m3,Water Consumption_N/A for WC_N/A for WC_Resource cost,0.01
Madagascar,N/A for WC,N/A for WC,Ecosystem services,/m3,Water Consumption_N/A for WC_N/A for WC_Ecosystem services,0.51
Malawi,N/A for WC,N/A for WC,Malnutrition,/m3,Water Consumption_N/A for WC_N/A for WC_Malnutrition,0.0
Malawi,N/A for WC,N/A for WC,Water-borne disease,/m3,Water Consumption_N/A for WC_N/A for WC_Water-borne disease,0.01
Malawi,N/A for WC,N/A for WC,Resource cost,/m3,Water Consumption_N/A for WC_N/A for WC_Resource cost,0.0
Malawi,N/A for WC,N/A for WC,Ecosystem services,/m3,Water Consumption_N/A for WC_N/A for WC_Ecosystem services,3.69
Malaysia,N/A for WC,N/A for WC,Malnutrition,/m3,Water Consumption_N/A for WC_N/A for WC_Malnutrition,0.0
Malaysia,N/A for WC,N/A for WC,Water-borne disease,/m3,Water Consumption_N/A for WC_N/A for WC_Water-borne disease,0.04
Malaysia,N/A for WC,N/A for WC,Resource cost,/m3,Water Consumption_N/A for WC_N/A for WC_Resource cost,0.0
Malaysia,N/A for WC,N/A for WC,Ecosystem services,/m3,Water Consumption_N/A for WC_N/A for WC_Ecosystem services,0.78
Maldives,N/A for WC,N/A for WC,Malnutrition,/m3,Water Consumption_N/A for WC_N/A for WC_Malnutrition,0.15
Maldives,N/A for WC,N/A for WC,Water-borne disease,/m3,Water Consumption_N/A for WC_N/A for WC_Water-borne disease,0.0
Maldives,N/A for WC,N/A for WC,Resource cost,/m3,Water Consumption_N/A for WC_N/A for WC_Resource cost,1.17
Maldives,N/A for WC,N/A for WC,Ecosystem services,/m3,Water Consumption_N/A for WC_N/A for WC_Ecosystem services,16.73
Mali,N/A for WC,N/A for WC,Malnutrition,/m3,Water Consumption_N/A for WC_N/A for WC_Malnutrition,0.06
Mali,N/A for WC,N/A for WC,Water-borne disease,/m3,Water Consumption_N/A for WC_N/A for WC_Water-borne disease,0.02
Mali,N/A for WC,N/A for WC,Resource cost,/m3,Water Consumption_N/A for WC_N/A for WC_Resource cost,0.19
Mali,N/A for WC,N/A for WC,Ecosystem services,/m3,Water Consumption_N/A for WC_N/A for WC_Ecosystem services,0.29
Malta,N/A for WC,N/A for WC,Malnutrition,/m3,Water Consumption_N/A for WC_N/A for WC_Malnutrition,0.01
Malta,N/A for WC,N/A for WC,Water-borne disease,/m3,Water Consumption_N/A for WC_N/A for WC_Water-borne disease,0.0
Malta,N/A for WC,N/A for WC,Resource cost,/m3,Water Consumption_N/A for WC_N/A for WC_Resource cost,16.48
Malta,N/A for WC,N/A for WC,Ecosystem services,/m3,Water Consumption_N/A for WC_N/A for WC_Ecosystem services,1.07
Marshall Islands,N/A for WC,N/A for WC,Malnutrition,/m3,Water Consumption_N/A for WC_N/A for WC_Malnutrition,0.3
Marshall Islands,N/A for WC,N/A for WC,Water-borne disease,/m3,Water Consumption_N/A for WC_N/A for WC_Water-borne disease,0.0
Marshall Islands,N/A for WC,N/A for WC,Resource cost,/m3,Water Consumption_N/A for WC_N/A for WC_Resource cost,0.03
Marshall Islands,N/A for WC,N/A for WC,Ecosystem services,/m3,Water Consumption_N/A for WC_N/A for WC_Ecosystem services,15.02
Mauritania,N/A for WC,N/A for WC,Malnutrition,/m3,Water Consumption_N/A for WC_N/A for WC_Malnutrition,0.02
Mauritania,N/A for WC,N/A for WC,Water-borne disease,/m3,Water Consumption_N/A for WC_N/A for WC_Water-borne disease,0.02
Mauritania,N/A for WC,N/A for WC,Resource cost,/m3,Water Consumption_N/A for WC_N/A for WC_Resource cost,0.07
Mauritania,N/A for WC,N/A for WC,Ecosystem services,/m3,Water Consumption_N/A for WC_N/A for WC_Ecosystem services,0.06
Mauritius,N/A for WC,N/A for WC,Malnutrition,/m3,Water Consumption_N/A for WC_N/A for WC_Malnutrition,0.33
Mauritius,N/A for WC,N/A for WC,Water-borne disease,/m3,Water Consumption_N/A for WC_N/A for WC_Water-borne disease,0.0
Mauritius,N/A for WC,N/A for WC,Resource cost,/m3,Water Consumption_N/A for WC_N/A for WC_Resource cost,0.53
Mauritius,N/A for WC,N/A for WC,Ecosystem services,/m3,Water Consumption_N/A for WC_N/A for WC_Ecosystem services,1.62
Mexico,N/A for WC,N/A for WC,Malnutrition,/m3,Water Consumption_N/A for WC_N/A for WC_Malnutrition,0.0
Mexico,N/A for WC,N/A for WC,Water-borne disease,/m3,Water Consumption_N/A for WC_N/A for WC_Water-borne disease,0.0
Mexico,N/A for WC,N/A for WC,Resource cost,/m3,Water Consumption_N/A for WC_N/A for WC_Resource cost,4.15
Mexico,N/A for WC,N/A for WC,Ecosystem services,/m3,Water Consumption_N/A for WC_N/A for WC_Ecosystem services,0.63
Micronesia,N/A for WC,N/A for WC,Malnutrition,/m3,Water Consumption_N/A for WC_N/A for WC_Malnutrition,0.3
Micronesia,N/A for WC,N/A for WC,Water-borne disease,/m3,Water Consumption_N/A for WC_N/A for WC_Water-borne disease,0.0
Micronesia,N/A for WC,N/A for WC,Resource cost,/m3,Water Consumption_N/A for WC_N/A for WC_Resource cost,0.03
Micronesia,N/A for WC,N/A for WC,Ecosystem services,/m3,Water Consumption_N/A for WC_N/A for WC_Ecosystem services,1.38
Moldova,N/A for WC,N/A for WC,Malnutrition,/m3,Water Consumption_N/A for WC_N/A for WC_Malnutrition,0.34
Moldova,N/A for WC,N/A for WC,Water-borne disease,/m3,Water Consumption_N/A for WC_N/A for WC_Water-borne disease,0.0
Moldova,N/A for WC,N/A for WC,Resource cost,/m3,Water Consumption_N/A for WC_N/A for WC_Resource cost,0.0
Moldova,N/A for WC,N/A for WC,Ecosystem services,/m3,Water Consumption_N/A for WC_N/A for WC_Ecosystem services,1.82
Monaco,N/A for WC,N/A for WC,Malnutrition,/m3,Water Consumption_N/A for WC_N/A for WC_Malnutrition,0.08
Monaco,N/A for WC,N/A for WC,Water-borne disease,/m3,Water Consumption_N/A for WC_N/A for WC_Water-borne disease,0.0
Monaco,N/A for WC,N/A for WC,Resource cost,/m3,Water Consumption_N/A for WC_N/A for WC_Resource cost,1.38
Monaco,N/A for WC,N/A for WC,Ecosystem services,/m3,Water Consumption_N/A for WC_N/A for WC_Ecosystem services,2.65
Mongolia,N/A for WC,N/A for WC,Malnutrition,/m3,Water Consumption_N/A for WC_N/A for WC_Malnutrition,0.03
Mongolia,N/A for WC,N/A for WC,Water-borne disease,/m3,Water Consumption_N/A for WC_N/A for WC_Water-borne disease,0.0
Mongolia,N/A for WC,N/A for WC,Resource cost,/m3,Water Consumption_N/A for WC_N/A for WC_Resource cost,0.08
Mongolia,N/A for WC,N/A for WC,Ecosystem services,/m3,Water Consumption_N/A for WC_N/A for WC_Ecosystem services,0.46
Montenegro,N/A for WC,N/A for WC,Malnutrition,/m3,Water Consumption_N/A for WC_N/A for WC_Malnutrition,0.04
Montenegro,N/A for WC,N/A for WC,Water-borne disease,/m3,Water Consumption_N/A for WC_N/A for WC_Water-borne disease,0.01
Montenegro,N/A for WC,N/A for WC,Resource cost,/m3,Water Consumption_N/A for WC_N/A for WC_Resource cost,0.0
Montenegro,N/A for WC,N/A for WC,Ecosystem services,/m3,Water Consumption_N/A for WC_N/A for WC_Ecosystem services,2.19
Morocco,N/A for WC,N/A for WC,Malnutrition,/m3,Water Consumption_N/A for WC_N/A for WC_Malnutrition,0.01
Morocco,N/A for WC,N/A for WC,Water-borne disease,/m3,Water Consumption_N/A for WC_N/A for WC_Water-borne disease,0.0
Morocco,N/A for WC,N/A for WC,Resource cost,/m3,Water Consumption_N/A for WC_N/A for WC_Resource cost,1.28
Morocco,N/A for WC,N/A for WC,Ecosystem services,/m3,Water Consumption_N/A for WC_N/A for WC_Ecosystem services,0.35
Mozambique,N/A for WC,N/A for WC,Malnutrition,/m3,Water Consumption_N/A for WC_N/A for WC_Malnutrition,0.01
Mozambique,N/A for WC,N/A for WC,Water-borne disease,/m3,Water Consumption_N/A for WC_N/A for WC_Water-borne disease,0.0
Mozambique,N/A for WC,N/A for WC,Resource cost,/m3,Water Consumption_N/A for WC_N/A for WC_Resource cost,0.0
Mozambique,N/A for WC,N/A for WC,Ecosystem services,/m3,Water Consumption_N/A for WC_N/A for WC_Ecosystem services,0.73
Myanmar,N/A for WC,N/A for WC,Malnutrition,/m3,Water Consumption_N/A for WC_N/A for WC_Malnutrition,0.0
Myanmar,N/A for WC,N/A for WC,Water-borne disease,/m3,Water Consumption_N/A for WC_N/A for WC_Water-borne disease,0.55
Myanmar,N/A for WC,N/A for WC,Resource cost,/m3,Water Consumption_N/A for WC_N/A for WC_Resource cost,0.02
Myanmar,N/A for WC,N/A for WC,Ecosystem services,/m3,Water Consumption_N/A for WC_N/A for WC_Ecosystem services,1.03
Namibia,N/A for WC,N/A for WC,Malnutrition,/m3,Water Consumption_N/A for WC_N/A for WC_Malnutrition,0.64
Namibia,N/A for WC,N/A for WC,Water-borne disease,/m3,Water Consumption_N/A for WC_N/A for WC_Water-borne disease,0.11
Namibia,N/A for WC,N/A for WC,Resource cost,/m3,Water Consumption_N/A for WC_N/A for WC_Resource cost,0.06
Namibia,N/A for WC,N/A for WC,Ecosystem services,/m3,Water Consumption_N/A for WC_N/A for WC_Ecosystem services,0.26
Nauru,N/A for WC,N/A for WC,Malnutrition,/m3,Water Consumption_N/A for WC_N/A for WC_Malnutrition,0.3
Nauru,N/A for WC,N/A for WC,Water-borne disease,/m3,Water Consumption_N/A for WC_N/A for WC_Water-borne disease,0.0
Nauru,N/A for WC,N/A for WC,Resource cost,/m3,Water Consumption_N/A for WC_N/A for WC_Resource cost,0.15
Nauru,N/A for WC,N/A for WC,Ecosystem services,/m3,Water Consumption_N/A for WC_N/A for WC_Ecosystem services,3.74
Nepal,N/A for WC,N/A for WC,Malnutrition,/m3,Water Consumption_N/A for WC_N/A for WC_Malnutrition,0.22
Nepal,N/A for WC,N/A for WC,Water-borne disease,/m3,Water Consumption_N/A for WC_N/A for WC_Water-borne disease,0.03
Nepal,N/A for WC,N/A for WC,Resource cost,/m3,Water Consumption_N/A for WC_N/A for WC_Resource cost,0.24
Nepal,N/A for WC,N/A for WC,Ecosystem services,/m3,Water Consumption_N/A for WC_N/A for WC_Ecosystem services,1.19
Netherlands,N/A for WC,N/A for WC,Malnutrition,/m3,Water Consumption_N/A for WC_N/A for WC_Malnutrition,0.0
Netherlands,N/A for WC,N/A for WC,Water-borne disease,/m3,Water Consumption_N/A for WC_N/A for WC_Water-borne disease,0.02
Netherlands,N/A for WC,N/A for WC,Resource cost,/m3,Water Consumption_N/A for WC_N/A for WC_Resource cost,0.53
Netherlands,N/A for WC,N/A for WC,Ecosystem services,/m3,Water Consumption_N/A for WC_N/A for WC_Ecosystem services,2.49
New Caledonia,N/A for WC,N/A for WC,Malnutrition,/m3,Water Consumption_N/A for WC_N/A for WC_Malnutrition,0.3
New Caledonia,N/A for WC,N/A for WC,Water-borne disease,/m3,Water Consumption_N/A for WC_N/A for WC_Water-borne disease,0.11
New Caledonia,N/A for WC,N/A for WC,Resource cost,/m3,Water Consumption_N/A for WC_N/A for WC_Resource cost,0.03
New Caledonia,N/A for WC,N/A for WC,Ecosystem services,/m3,Water Consumption_N/A for WC_N/A for WC_Ecosystem services,4.53
New Zealand,N/A for WC,N/A for WC,Malnutrition,/m3,Water Consumption_N/A for WC_N/A for WC_Malnutrition,0.05
New Zealand,N/A for WC,N/A for WC,Water-borne disease,/m3,Water Consumption_N/A for WC_N/A for WC_Water-borne disease,0.0
New Zealand,N/A for WC,N/A for WC,Resource cost,/m3,Water Consumption_N/A for WC_N/A for WC_Resource cost,0.0
New Zealand,N/A for WC,N/A for WC,Ecosystem services,/m3,Water Consumption_N/A for WC_N/A for WC_Ecosystem services,2.12
Nicaragua,N/A for WC,N/A for WC,Malnutrition,/m3,Water Consumption_N/A for WC_N/A for WC_Malnutrition,0.92
Nicaragua,N/A for WC,N/A for WC,Water-borne disease,/m3,Water Consumption_N/A for WC_N/A for WC_Water-borne disease,0.0
Nicaragua,N/A for WC,N/A for WC,Resource cost,/m3,Water Consumption_N/A for WC_N/A for WC_Resource cost,0.0
Nicaragua,N/A for WC,N/A for WC,Ecosystem services,/m3,Water Consumption_N/A for WC_N/A for WC_Ecosystem services,2.0
Niger,N/A for WC,N/A for WC,Malnutrition,/m3,Water Consumption_N/A for WC_N/A for WC_Malnutrition,0.0
Niger,N/A for WC,N/A for WC,Water-borne disease,/m3,Water Consumption_N/A for WC_N/A for WC_Water-borne disease,0.0
Niger,N/A for WC,N/A for WC,Resource cost,/m3,Water Consumption_N/A for WC_N/A for WC_Resource cost,0.12
Niger,N/A for WC,N/A for WC,Ecosystem services,/m3,Water Consumption_N/A for WC_N/A for WC_Ecosystem services,0.12
Nigeria,N/A for WC,N/A for WC,Malnutrition,/m3,Water Consumption_N/A for WC_N/A for WC_Malnutrition,0.0
Nigeria,N/A for WC,N/A for WC,Water-borne disease,/m3,Water Consumption_N/A for WC_N/A for WC_Water-borne disease,0.18
Nigeria,N/A for WC,N/A for WC,Resource cost,/m3,Water Consumption_N/A for WC_N/A for WC_Resource cost,0.19
Nigeria,N/A for WC,N/A for WC,Ecosystem services,/m3,Water Consumption_N/A for WC_N/A for WC_Ecosystem services,1.03
North Macedonia,N/A for WC,N/A for WC,Malnutrition,/m3,Water Consumption_N/A for WC_N/A for WC_Malnutrition,0.0
North Macedonia,N/A for WC,N/A for WC,Water-borne disease,/m3,Water Consumption_N/A for WC_N/A for WC_Water-borne disease,0.0
North Macedonia,N/A for WC,N/A for WC,Resource cost,/m3,Water Consumption_N/A for WC_N/A for WC_Resource cost,0.0
North Macedonia,N/A for WC,N/A for WC,Ecosystem services,/m3,Water Consumption_N/A for WC_N/A for WC_Ecosystem services,2.12
Northern Mariana Islands,N/A for WC,N/A for WC,Malnutrition,/m3,Water Consumption_N/A for WC_N/A for WC_Malnutrition,0.3
Northern Mariana Islands,N/A for WC,N/A for WC,Water-borne disease,/m3,Water Consumption_N/A for WC_N/A for WC_Water-borne disease,0.11
Northern Mariana Islands,N/A for WC,N/A for WC,Resource cost,/m3,Water Consumption_N/A for WC_N/A for WC_Resource cost,0.03
Northern Mariana Islands,N/A for WC,N/A for WC,Ecosystem services,/m3,Water Consumption_N/A for WC_N/A for WC_Ecosystem services,4.53
Norway,N/A for WC,N/A for WC,Malnutrition,/m3,Water Consumption_N/A for WC_N/A for WC_Malnutrition,0.17
Norway,N/A for WC,N/A for WC,Water-borne disease,/m3,Water Consumption_N/A for WC_N/A for WC_Water-borne disease,0.7
Norway,N/A for WC,N/A for WC,Resource cost,/m3,Water Consumption_N/A for WC_N/A for WC_Resource cost,0.0
Norway,N/A for WC,N/A for WC,Ecosystem services,/m3,Water Consumption_N/A for WC_N/A for WC_Ecosystem services,1.39
Oman,N/A for WC,N/A for WC,Malnutrition,/m3,Water Consumption_N/A for WC_N/A for WC_Malnutrition,0.5
Oman,N/A for WC,N/A for WC,Water-borne disease,/m3,Water Consumption_N/A for WC_N/A for WC_Water-borne disease,0.0
Oman,N/A for WC,N/A for WC,Resource cost,/m3,Water Consumption_N/A for WC_N/A for WC_Resource cost,2.71
Oman,N/A for WC,N/A for WC,Ecosystem services,/m3,Water Consumption_N/A for WC_N/A for WC_Ecosystem services,0.01
Pakistan,N/A for WC,N/A for WC,Malnutrition,/m3,Water Consumption_N/A for WC_N/A for WC_Malnutrition,0.19
Pakistan,N/A for WC,N/A for WC,Water-borne disease,/m3,Water Consumption_N/A for WC_N/A for WC_Water-borne disease,0.0
Pakistan,N/A for WC,N/A for WC,Resource cost,/m3,Water Consumption_N/A for WC_N/A for WC_Resource cost,0.94
Pakistan,N/A for WC,N/A for WC,Ecosystem services,/m3,Water Consumption_N/A for WC_N/A for WC_Ecosystem services,0.65
Palau,N/A for WC,N/A for WC,Malnutrition,/m3,Water Consumption_N/A for WC_N/A for WC_Malnutrition,0.3
Palau,N/A for WC,N/A for WC,Water-borne disease,/m3,Water Consumption_N/A for WC_N/A for WC_Water-borne disease,0.0
Palau,N/A for WC,N/A for WC,Resource cost,/m3,Water Consumption_N/A for WC_N/A for WC_Resource cost,0.03
Palau,N/A for WC,N/A for WC,Ecosystem services,/m3,Water Consumption_N/A for WC_N/A for WC_Ecosystem services,2.65
Panama,N/A for WC,N/A for WC,Malnutrition,/m3,Water Consumption_N/A for WC_N/A for WC_Malnutrition,0.07
Panama,N/A for WC,N/A for WC,Water-borne disease,/m3,Water Consumption_N/A for WC_N/A for WC_Water-borne disease,0.04
Panama,N/A for WC,N/A for WC,Resource cost,/m3,Water Consumption_N/A for WC_N/A for WC_Resource cost,0.0
Panama,N/A for WC,N/A for WC,Ecosystem services,/m3,Water Consumption_N/A for WC_N/A for WC_Ecosystem services,0.91
Papua New Guinea,N/A for WC,N/A for WC,Malnutrition,/m3,Water Consumption_N/A for WC_N/A for WC_Malnutrition,0.61
Papua New Guinea,N/A for WC,N/A for WC,Water-borne disease,/m3,Water Consumption_N/A for WC_N/A for WC_Water-borne disease,0.0
Papua New Guinea,N/A for WC,N/A for WC,Resource cost,/m3,Water Consumption_N/A for WC_N/A for WC_Resource cost,0.0
Papua New Guinea,N/A for WC,N/A for WC,Ecosystem services,/m3,Water Consumption_N/A for WC_N/A for WC_Ecosystem services,0.78
Paraguay,N/A for WC,N/A for WC,Malnutrition,/m3,Water Consumption_N/A for WC_N/A for WC_Malnutrition,0.1
Paraguay,N/A for WC,N/A for WC,Water-borne disease,/m3,Water Consumption_N/A for WC_N/A for WC_Water-borne disease,0.03
Paraguay,N/A for WC,N/A for WC,Resource cost,/m3,Water Consumption_N/A for WC_N/A for WC_Resource cost,0.0
Paraguay,N/A for WC,N/A for WC,Ecosystem services,/m3,Water Consumption_N/A for WC_N/A for WC_Ecosystem services,0.78
Peru,N/A for WC,N/A for WC,Malnutrition,/m3,Water Consumption_N/A for WC_N/A for WC_Malnutrition,0.0
Peru,N/A for WC,N/A for WC,Water-borne disease,/m3,Water Consumption_N/A for WC_N/A for WC_Water-borne disease,0.0
Peru,N/A for WC,N/A for WC,Resource cost,/m3,Water Consumption_N/A for WC_N/A for WC_Resource cost,0.64
Peru,N/A for WC,N/A for WC,Ecosystem services,/m3,Water Consumption_N/A for WC_N/A for WC_Ecosystem services,0.61
Philippines,N/A for WC,N/A for WC,Malnutrition,/m3,Water Consumption_N/A for WC_N/A for WC_Malnutrition,0.0
Philippines,N/A for WC,N/A for WC,Water-borne disease,/m3,Water Consumption_N/A for WC_N/A for WC_Water-borne disease,0.0
Philippines,N/A for WC,N/A for WC,Resource cost,/m3,Water Consumption_N/A for WC_N/A for WC_Resource cost,0.02
Philippines,N/A for WC,N/A for WC,Ecosystem services,/m3,Water Consumption_N/A for WC_N/A for WC_Ecosystem services,1.27
Poland,N/A for WC,N/A for WC,Malnutrition,/m3,Water Consumption_N/A for WC_N/A for WC_Malnutrition,0.0
Poland,N/A for WC,N/A for WC,Water-borne disease,/m3,Water Consumption_N/A for WC_N/A for WC_Water-borne disease,0.0
Poland,N/A for WC,N/A for WC,Resource cost,/m3,Water Consumption_N/A for WC_N/A for WC_Resource cost,0.03
Poland,N/A for WC,N/A for WC,Ecosystem services,/m3,Water Consumption_N/A for WC_N/A for WC_Ecosystem services,2.0
Portugal,N/A for WC,N/A for WC,Malnutrition,/m3,Water Consumption_N/A for WC_N/A for WC_Malnutrition,0.03
Portugal,N/A for WC,N/A for WC,Water-borne disease,/m3,Water Consumption_N/A for WC_N/A for WC_Water-borne disease,0.0
Portugal,N/A for WC,N/A for WC,Resource cost,/m3,Water Consumption_N/A for WC_N/A for WC_Resource cost,3.8
Portugal,N/A for WC,N/A for WC,Ecosystem services,/m3,Water Consumption_N/A for WC_N/A for WC_Ecosystem services,1.54
Puerto Rico,N/A for WC,N/A for WC,Malnutrition,/m3,Water Consumption_N/A for WC_N/A for WC_Malnutrition,0.08
Puerto Rico,N/A for WC,N/A for WC,Water-borne disease,/m3,Water Consumption_N/A for WC_N/A for WC_Water-borne disease,0.18
Puerto Rico,N/A for WC,N/A for WC,Resource cost,/m3,Water Consumption_N/A for WC_N/A for WC_Resource cost,0.0
Puerto Rico,N/A for WC,N/A for WC,Ecosystem services,/m3,Water Consumption_N/A for WC_N/A for WC_Ecosystem services,1.19
Qatar,N/A for WC,N/A for WC,Malnutrition,/m3,Water Consumption_N/A for WC_N/A for WC_Malnutrition,0.0
Qatar,N/A for WC,N/A for WC,Water-borne disease,/m3,Water Consumption_N/A for WC_N/A for WC_Water-borne disease,0.0
Qatar,N/A for WC,N/A for WC,Resource cost,/m3,Water Consumption_N/A for WC_N/A for WC_Resource cost,71.13
Qatar,N/A for WC,N/A for WC,Ecosystem services,/m3,Water Consumption_N/A for WC_N/A for WC_Ecosystem services,0.06
Romania,N/A for WC,N/A for WC,Malnutrition,/m3,Water Consumption_N/A for WC_N/A for WC_Malnutrition,0.0
Romania,N/A for WC,N/A for WC,Water-borne disease,/m3,Water Consumption_N/A for WC_N/A for WC_Water-borne disease,0.0
Romania,N/A for WC,N/A for WC,Resource cost,/m3,Water Consumption_N/A for WC_N/A for WC_Resource cost,0.0
Romania,N/A for WC,N/A for WC,Ecosystem services,/m3,Water Consumption_N/A for WC_N/A for WC_Ecosystem services,2.02
Russian Federation,N/A for WC,N/A for WC,Malnutrition,/m3,Water Consumption_N/A for WC_N/A for WC_Malnutrition,0.0
Russian Federation,N/A for WC,N/A for WC,Water-borne disease,/m3,Water Consumption_N/A for WC_N/A for WC_Water-borne disease,0.0
Russian Federation,N/A for WC,N/A for WC,Resource cost,/m3,Water Consumption_N/A for WC_N/A for WC_Resource cost,0.03
Russian Federation,N/A for WC,N/A for WC,Ecosystem services,/m3,Water Consumption_N/A for WC_N/A for WC_Ecosystem services,1.68
Rwanda,N/A for WC,N/A for WC,Malnutrition,/m3,Water Consumption_N/A for WC_N/A for WC_Malnutrition,0.01
Rwanda,N/A for WC,N/A for WC,Water-borne disease,/m3,Water Consumption_N/A for WC_N/A for WC_Water-borne disease,0.0
Rwanda,N/A for WC,N/A for WC,Resource cost,/m3,Water Consumption_N/A for WC_N/A for WC_Resource cost,0.0
Rwanda,N/A for WC,N/A for WC,Ecosystem services,/m3,Water Consumption_N/A for WC_N/A for WC_Ecosystem services,1.66
Samoa,N/A for WC,N/A for WC,Malnutrition,/m3,Water Consumption_N/A for WC_N/A for WC_Malnutrition,0.3
Samoa,N/A for WC,N/A for WC,Water-borne disease,/m3,Water Consumption_N/A for WC_N/A for WC_Water-borne disease,0.11
Samoa,N/A for WC,N/A for WC,Resource cost,/m3,Water Consumption_N/A for WC_N/A for WC_Resource cost,0.03
Samoa,N/A for WC,N/A for WC,Ecosystem services,/m3,Water Consumption_N/A for WC_N/A for WC_Ecosystem services,0.81
San Marino,N/A for WC,N/A for WC,Malnutrition,/m3,Water Consumption_N/A for WC_N/A for WC_Malnutrition,0.0
San Marino,N/A for WC,N/A for WC,Water-borne disease,/m3,Water Consumption_N/A for WC_N/A for WC_Water-borne disease,0.0
San Marino,N/A for WC,N/A for WC,Resource cost,/m3,Water Consumption_N/A for WC_N/A for WC_Resource cost,10.95
San Marino,N/A for WC,N/A for WC,Ecosystem services,/m3,Water Consumption_N/A for WC_N/A for WC_Ecosystem services,1.68
Sao Tome and Principe,N/A for WC,N/A for WC,Malnutrition,/m3,Water Consumption_N/A for WC_N/A for WC_Malnutrition,0.02
Sao Tome and Principe,N/A for WC,N/A for WC,Water-borne disease,/m3,Water Consumption_N/A for WC_N/A for WC_Water-borne disease,0.0
Sao Tome and Principe,N/A for WC,N/A for WC,Resource cost,/m3,Water Consumption_N/A for WC_N/A for WC_Resource cost,0.0
Sao Tome and Principe,N/A for WC,N/A for WC,Ecosystem services,/m3,Water Consumption_N/A for WC_N/A for WC_Ecosystem services,1.48
Saudi Arabia,N/A for WC,N/A for WC,Malnutrition,/m3,Water Consumption_N/A for WC_N/A for WC_Malnutrition,0.01
Saudi Arabia,N/A for WC,N/A for WC,Water-borne disease,/m3,Water Consumption_N/A for WC_N/A for WC_Water-borne disease,0.0
Saudi Arabia,N/A for WC,N/A for WC,Resource cost,/m3,Water Consumption_N/A for WC_N/A for WC_Resource cost,8.44
Saudi Arabia,N/A for WC,N/A for WC,Ecosystem services,/m3,Water Consumption_N/A for WC_N/A for WC_Ecosystem services,0.01
Senegal,N/A for WC,N/A for WC,Malnutrition,/m3,Water Consumption_N/A for WC_N/A for WC_Malnutrition,0.0
Senegal,N/A for WC,N/A for WC,Water-borne disease,/m3,Water Consumption_N/A for WC_N/A for WC_Water-borne disease,0.0
Senegal,N/A for WC,N/A for WC,Resource cost,/m3,Water Consumption_N/A for WC_N/A for WC_Resource cost,0.56
Senegal,N/A for WC,N/A for WC,Ecosystem services,/m3,Water Consumption_N/A for WC_N/A for WC_Ecosystem services,0.99
Serbia,N/A for WC,N/A for WC,Malnutrition,/m3,Water Consumption_N/A for WC_N/A for WC_Malnutrition,0.0
Serbia,N/A for WC,N/A for WC,Water-borne disease,/m3,Water Consumption_N/A for WC_N/A for WC_Water-borne disease,0.01
Serbia,N/A for WC,N/A for WC,Resource cost,/m3,Water Consumption_N/A for WC_N/A for WC_Resource cost,0.31
Serbia,N/A for WC,N/A for WC,Ecosystem services,/m3,Water Consumption_N/A for WC_N/A for WC_Ecosystem services,2.01
Seychelles,N/A for WC,N/A for WC,Malnutrition,/m3,Water Consumption_N/A for WC_N/A for WC_Malnutrition,0.33
Seychelles,N/A for WC,N/A for WC,Water-borne disease,/m3,Water Consumption_N/A for WC_N/A for WC_Water-borne disease,0.0
Seychelles,N/A for WC,N/A for WC,Resource cost,/m3,Water Consumption_N/A for WC_N/A for WC_Resource cost,0.0
Seychelles,N/A for WC,N/A for WC,Ecosystem services,/m3,Water Consumption_N/A for WC_N/A for WC_Ecosystem services,4.38
Sierra Leone,N/A for WC,N/A for WC,Malnutrition,/m3,Water Consumption_N/A for WC_N/A for WC_Malnutrition,0.0
Sierra Leone,N/A for WC,N/A for WC,Water-borne disease,/m3,Water Consumption_N/A for WC_N/A for WC_Water-borne disease,0.02
Sierra Leone,N/A for WC,N/A for WC,Resource cost,/m3,Water Consumption_N/A for WC_N/A for WC_Resource cost,0.0
Sierra Leone,N/A for WC,N/A for WC,Ecosystem services,/m3,Water Consumption_N/A for WC_N/A for WC_Ecosystem services,0.81
Singapore,N/A for WC,N/A for WC,Malnutrition,/m3,Water Consumption_N/A for WC_N/A for WC_Malnutrition,0.01
Singapore,N/A for WC,N/A for WC,Water-borne disease,/m3,Water Consumption_N/A for WC_N/A for WC_Water-borne disease,0.39
Singapore,N/A for WC,N/A for WC,Resource cost,/m3,Water Consumption_N/A for WC_N/A for WC_Resource cost,0.0
Singapore,N/A for WC,N/A for WC,Ecosystem services,/m3,Water Consumption_N/A for WC_N/A for WC_Ecosystem services,0.78
St. Maarten (Dutch part),N/A for WC,N/A for WC,Malnutrition,/m3,Water Consumption_N/A for WC_N/A for WC_Malnutrition,0.08
St. Maarten (Dutch part),N/A for WC,N/A for WC,Water-borne disease,/m3,Water Consumption_N/A for WC_N/A for WC_Water-borne disease,0.18
St. Maarten (Dutch part),N/A for WC,N/A for WC,Resource cost,/m3,Water Consumption_N/A for WC_N/A for WC_Resource cost,0.0
St. Maarten (Dutch part),N/A for WC,N/A for WC,Ecosystem services,/m3,Water Consumption_N/A for WC_N/A for WC_Ecosystem services,1.19
Slovak Republic,N/A for WC,N/A for WC,Malnutrition,/m3,Water Consumption_N/A for WC_N/A for WC_Malnutrition,0.09
Slovak Republic,N/A for WC,N/A for WC,Water-borne disease,/m3,Water Consumption_N/A for WC_N/A for WC_Water-borne disease,0.0
Slovak Republic,N/A for WC,N/A for WC,Resource cost,/m3,Water Consumption_N/A for WC_N/A for WC_Resource cost,0.0
Slovak Republic,N/A for WC,N/A for WC,Ecosystem services,/m3,Water Consumption_N/A for WC_N/A for WC_Ecosystem services,2.1
Slovenia,N/A for WC,N/A for WC,Malnutrition,/m3,Water Consumption_N/A for WC_N/A for WC_Malnutrition,0.02
Slovenia,N/A for WC,N/A for WC,Water-borne disease,/m3,Water Consumption_N/A for WC_N/A for WC_Water-borne disease,0.0
Slovenia,N/A for WC,N/A for WC,Resource cost,/m3,Water Consumption_N/A for WC_N/A for WC_Resource cost,0.0
Slovenia,N/A for WC,N/A for WC,Ecosystem services,/m3,Water Consumption_N/A for WC_N/A for WC_Ecosystem services,2.23
Solomon Islands,N/A for WC,N/A for WC,Malnutrition,/m3,Water Consumption_N/A for WC_N/A for WC_Malnutrition,0.3
Solomon Islands,N/A for WC,N/A for WC,Water-borne disease,/m3,Water Consumption_N/A for WC_N/A for WC_Water-borne disease,0.0
Solomon Islands,N/A for WC,N/A for WC,Resource cost,/m3,Water Consumption_N/A for WC_N/A for WC_Resource cost,0.0
Solomon Islands,N/A for WC,N/A for WC,Ecosystem services,/m3,Water Consumption_N/A for WC_N/A for WC_Ecosystem services,1.43
Somalia,N/A for WC,N/A for WC,Malnutrition,/m3,Water Consumption_N/A for WC_N/A for WC_Malnutrition,0.01
Somalia,N/A for WC,N/A for WC,Water-borne disease,/m3,Water Consumption_N/A for WC_N/A for WC_Water-borne disease,0.01
Somalia,N/A for WC,N/A for WC,Resource cost,/m3,Water Consumption_N/A for WC_N/A for WC_Resource cost,0.04
Somalia,N/A for WC,N/A for WC,Ecosystem services,/m3,Water Consumption_N/A for WC_N/A for WC_Ecosystem services,0.27
South Africa,N/A for WC,N/A for WC,Malnutrition,/m3,Water Consumption_N/A for WC_N/A for WC_Malnutrition,0.03
South Africa,N/A for WC,N/A for WC,Water-borne disease,/m3,Water Consumption_N/A for WC_N/A for WC_Water-borne disease,285.45
South Africa,N/A for WC,N/A for WC,Resource cost,/m3,Water Consumption_N/A for WC_N/A for WC_Resource cost,2.18
South Africa,N/A for WC,N/A for WC,Ecosystem services,/m3,Water Consumption_N/A for WC_N/A for WC_Ecosystem services,0.53
South Sudan,N/A for WC,N/A for WC,Malnutrition,/m3,Water Consumption_N/A for WC_N/A for WC_Malnutrition,0.03
South Sudan,N/A for WC,N/A for WC,Water-borne disease,/m3,Water Consumption_N/A for WC_N/A for WC_Water-borne disease,0.01
South Sudan,N/A for WC,N/A for WC,Resource cost,/m3,Water Consumption_N/A for WC_N/A for WC_Resource cost,0.0
South Sudan,N/A for WC,N/A for WC,Ecosystem services,/m3,Water Consumption_N/A for WC_N/A for WC_Ecosystem services,0.53
Spain,N/A for WC,N/A for WC,Malnutrition,/m3,Water Consumption_N/A for WC_N/A for WC_Malnutrition,0.4
Spain,N/A for WC,N/A for WC,Water-borne disease,/m3,Water Consumption_N/A for WC_N/A for WC_Water-borne disease,0.0
Spain,N/A for WC,N/A for WC,Resource cost,/m3,Water Consumption_N/A for WC_N/A for WC_Resource cost,9.08
Spain,N/A for WC,N/A for WC,Ecosystem services,/m3,Water Consumption_N/A for WC_N/A for WC_Ecosystem services,1.46
Sri Lanka,N/A for WC,N/A for WC,Malnutrition,/m3,Water Consumption_N/A for WC_N/A for WC_Malnutrition,0.0
Sri Lanka,N/A for WC,N/A for WC,Water-borne disease,/m3,Water Consumption_N/A for WC_N/A for WC_Water-borne disease,0.0
Sri Lanka,N/A for WC,N/A for WC,Resource cost,/m3,Water Consumption_N/A for WC_N/A for WC_Resource cost,0.0
Sri Lanka,N/A for WC,N/A for WC,Ecosystem services,/m3,Water Consumption_N/A for WC_N/A for WC_Ecosystem services,0.98
St. Kitts and Nevis,N/A for WC,N/A for WC,Malnutrition,/m3,Water Consumption_N/A for WC_N/A for WC_Malnutrition,0.08
St. Kitts and Nevis,N/A for WC,N/A for WC,Water-borne disease,/m3,Water Consumption_N/A for WC_N/A for WC_Water-borne disease,0.85
St. Kitts and Nevis,N/A for WC,N/A for WC,Resource cost,/m3,Water Consumption_N/A for WC_N/A for WC_Resource cost,0.0
St. Kitts and Nevis,N/A for WC,N/A for WC,Ecosystem services,/m3,Water Consumption_N/A for WC_N/A for WC_Ecosystem services,1.08
St. Lucia,N/A for WC,N/A for WC,Malnutrition,/m3,Water Consumption_N/A for WC_N/A for WC_Malnutrition,0.08
St. Lucia,N/A for WC,N/A for WC,Water-borne disease,/m3,Water Consumption_N/A for WC_N/A for WC_Water-borne disease,0.18
St. Lucia,N/A for WC,N/A for WC,Resource cost,/m3,Water Consumption_N/A for WC_N/A for WC_Resource cost,0.0
St. Lucia,N/A for WC,N/A for WC,Ecosystem services,/m3,Water Consumption_N/A for WC_N/A for WC_Ecosystem services,0.79
St. Martin (French part),N/A for WC,N/A for WC,Malnutrition,/m3,Water Consumption_N/A for WC_N/A for WC_Malnutrition,0.08
St. Martin (French part),N/A for WC,N/A for WC,Water-borne disease,/m3,Water Consumption_N/A for WC_N/A for WC_Water-borne disease,0.18
St. Martin (French part),N/A for WC,N/A for WC,Resource cost,/m3,Water Consumption_N/A for WC_N/A for WC_Resource cost,0.0
St. Martin (French part),N/A for WC,N/A for WC,Ecosystem services,/m3,Water Consumption_N/A for WC_N/A for WC_Ecosystem services,1.19
St. Vincent and the Grenadines,N/A for WC,N/A for WC,Malnutrition,/m3,Water Consumption_N/A for WC_N/A for WC_Malnutrition,0.08
St. Vincent and the Grenadines,N/A for WC,N/A for WC,Water-borne disease,/m3,Water Consumption_N/A for WC_N/A for WC_Water-borne disease,0.18
St. Vincent and the Grenadines,N/A for WC,N/A for WC,Resource cost,/m3,Water Consumption_N/A for WC_N/A for WC_Resource cost,0.0
St. Vincent and the Grenadines,N/A for WC,N/A for WC,Ecosystem services,/m3,Water Consumption_N/A for WC_N/A for WC_Ecosystem services,1.04
Sudan,N/A for WC,N/A for WC,Malnutrition,/m3,Water Consumption_N/A for WC_N/A for WC_Malnutrition,0.0
Sudan,N/A for WC,N/A for WC,Water-borne disease,/m3,Water Consumption_N/A for WC_N/A for WC_Water-borne disease,0.01
Sudan,N/A for WC,N/A for WC,Resource cost,/m3,Water Consumption_N/A for WC_N/A for WC_Resource cost,0.28
Sudan,N/A for WC,N/A for WC,Ecosystem services,/m3,Water Consumption_N/A for WC_N/A for WC_Ecosystem services,0.28
Suriname,N/A for WC,N/A for WC,Malnutrition,/m3,Water Consumption_N/A for WC_N/A for WC_Malnutrition,0.0
Suriname,N/A for WC,N/A for WC,Water-borne disease,/m3,Water Consumption_N/A for WC_N/A for WC_Water-borne disease,0.0
Suriname,N/A for WC,N/A for WC,Resource cost,/m3,Water Consumption_N/A for WC_N/A for WC_Resource cost,0.0
Suriname,N/A for WC,N/A for WC,Ecosystem services,/m3,Water Consumption_N/A for WC_N/A for WC_Ecosystem services,0.82
Sweden,N/A for WC,N/A for WC,Malnutrition,/m3,Water Consumption_N/A for WC_N/A for WC_Malnutrition,0.38
Sweden,N/A for WC,N/A for WC,Water-borne disease,/m3,Water Consumption_N/A for WC_N/A for WC_Water-borne disease,0.0
Sweden,N/A for WC,N/A for WC,Resource cost,/m3,Water Consumption_N/A for WC_N/A for WC_Resource cost,0.49
Sweden,N/A for WC,N/A for WC,Ecosystem services,/m3,Water Consumption_N/A for WC_N/A for WC_Ecosystem services,2.76
Switzerland,N/A for WC,N/A for WC,Malnutrition,/m3,Water Consumption_N/A for WC_N/A for WC_Malnutrition,0.0
Switzerland,N/A for WC,N/A for WC,Water-borne disease,/m3,Water Consumption_N/A for WC_N/A for WC_Water-borne disease,0.0
Switzerland,N/A for WC,N/A for WC,Resource cost,/m3,Water Consumption_N/A for WC_N/A for WC_Resource cost,0.0
Switzerland,N/A for WC,N/A for WC,Ecosystem services,/m3,Water Consumption_N/A for WC_N/A for WC_Ecosystem services,1.95
Syria,N/A for WC,N/A for WC,Malnutrition,/m3,Water Consumption_N/A for WC_N/A for WC_Malnutrition,0.19
Syria,N/A for WC,N/A for WC,Water-borne disease,/m3,Water Consumption_N/A for WC_N/A for WC_Water-borne disease,0.0
Syria,N/A for WC,N/A for WC,Resource cost,/m3,Water Consumption_N/A for WC_N/A for WC_Resource cost,0.62
Syria,N/A for WC,N/A for WC,Ecosystem services,/m3,Water Consumption_N/A for WC_N/A for WC_Ecosystem services,0.51
Taiwan,N/A for WC,N/A for WC,Malnutrition,/m3,Water Consumption_N/A for WC_N/A for WC_Malnutrition,0.09
Taiwan,N/A for WC,N/A for WC,Water-borne disease,/m3,Water Consumption_N/A for WC_N/A for WC_Water-borne disease,0.0
Taiwan,N/A for WC,N/A for WC,Resource cost,/m3,Water Consumption_N/A for WC_N/A for WC_Resource cost,0.0
Taiwan,N/A for WC,N/A for WC,Ecosystem services,/m3,Water Consumption_N/A for WC_N/A for WC_Ecosystem services,2.42
Tajikistan,N/A for WC,N/A for WC,Malnutrition,/m3,Water Consumption_N/A for WC_N/A for WC_Malnutrition,0.0
Tajikistan,N/A for WC,N/A for WC,Water-borne disease,/m3,Water Consumption_N/A for WC_N/A for WC_Water-borne disease,0.0
Tajikistan,N/A for WC,N/A for WC,Resource cost,/m3,Water Consumption_N/A for WC_N/A for WC_Resource cost,0.27
Tajikistan,N/A for WC,N/A for WC,Ecosystem services,/m3,Water Consumption_N/A for WC_N/A for WC_Ecosystem services,0.52
Tanzania,N/A for WC,N/A for WC,Malnutrition,/m3,Water Consumption_N/A for WC_N/A for WC_Malnutrition,0.05
Tanzania,N/A for WC,N/A for WC,Water-borne disease,/m3,Water Consumption_N/A for WC_N/A for WC_Water-borne disease,0.0
Tanzania,N/A for WC,N/A for WC,Resource cost,/m3,Water Consumption_N/A for WC_N/A for WC_Resource cost,0.03
Tanzania,N/A for WC,N/A for WC,Ecosystem services,/m3,Water Consumption_N/A for WC_N/A for WC_Ecosystem services,1.53
Thailand,N/A for WC,N/A for WC,Malnutrition,/m3,Water Consumption_N/A for WC_N/A for WC_Malnutrition,0.0
Thailand,N/A for WC,N/A for WC,Water-borne disease,/m3,Water Consumption_N/A for WC_N/A for WC_Water-borne disease,0.0
Thailand,N/A for WC,N/A for WC,Resource cost,/m3,Water Consumption_N/A for WC_N/A for WC_Resource cost,0.79
Thailand,N/A for WC,N/A for WC,Ecosystem services,/m3,Water Consumption_N/A for WC_N/A for WC_Ecosystem services,1.38
Timor-Leste,N/A for WC,N/A for WC,Malnutrition,/m3,Water Consumption_N/A for WC_N/A for WC_Malnutrition,0.01
Timor-Leste,N/A for WC,N/A for WC,Water-borne disease,/m3,Water Consumption_N/A for WC_N/A for WC_Water-borne disease,0.12
Timor-Leste,N/A for WC,N/A for WC,Resource cost,/m3,Water Consumption_N/A for WC_N/A for WC_Resource cost,0.08
Timor-Leste,N/A for WC,N/A for WC,Ecosystem services,/m3,Water Consumption_N/A for WC_N/A for WC_Ecosystem services,1.0
Togo,N/A for WC,N/A for WC,Malnutrition,/m3,Water Consumption_N/A for WC_N/A for WC_Malnutrition,0.29
Togo,N/A for WC,N/A for WC,Water-borne disease,/m3,Water Consumption_N/A for WC_N/A for WC_Water-borne disease,0.02
Togo,N/A for WC,N/A for WC,Resource cost,/m3,Water Consumption_N/A for WC_N/A for WC_Resource cost,0.0
Togo,N/A for WC,N/A for WC,Ecosystem services,/m3,Water Consumption_N/A for WC_N/A for WC_Ecosystem services,0.51
Tonga,N/A for WC,N/A for WC,Malnutrition,/m3,Water Consumption_N/A for WC_N/A for WC_Malnutrition,0.3
Tonga,N/A for WC,N/A for WC,Water-borne disease,/m3,Water Consumption_N/A for WC_N/A for WC_Water-borne disease,0.05
Tonga,N/A for WC,N/A for WC,Resource cost,/m3,Water Consumption_N/A for WC_N/A for WC_Resource cost,0.03
Tonga,N/A for WC,N/A for WC,Ecosystem services,/m3,Water Consumption_N/A for WC_N/A for WC_Ecosystem services,3.06
Trinidad and Tobago,N/A for WC,N/A for WC,Malnutrition,/m3,Water Consumption_N/A for WC_N/A for WC_Malnutrition,0.39
Trinidad and Tobago,N/A for WC,N/A for WC,Water-borne disease,/m3,Water Consumption_N/A for WC_N/A for WC_Water-borne disease,0.18
Trinidad and Tobago,N/A for WC,N/A for WC,Resource cost,/m3,Water Consumption_N/A for WC_N/A for WC_Resource cost,0.0
Trinidad and Tobago,N/A for WC,N/A for WC,Ecosystem services,/m3,Water Consumption_N/A for WC_N/A for WC_Ecosystem services,0.84
Tunisia,N/A for WC,N/A for WC,Malnutrition,/m3,Water Consumption_N/A for WC_N/A for WC_Malnutrition,0.02
Tunisia,N/A for WC,N/A for WC,Water-borne disease,/m3,Water Consumption_N/A for WC_N/A for WC_Water-borne disease,0.0
Tunisia,N/A for WC,N/A for WC,Resource cost,/m3,Water Consumption_N/A for WC_N/A for WC_Resource cost,2.02
Tunisia,N/A for WC,N/A for WC,Ecosystem services,/m3,Water Consumption_N/A for WC_N/A for WC_Ecosystem services,0.4
Turkiye,N/A for WC,N/A for WC,Malnutrition,/m3,Water Consumption_N/A for WC_N/A for WC_Malnutrition,0.05
Turkiye,N/A for WC,N/A for WC,Water-borne disease,/m3,Water Consumption_N/A for WC_N/A for WC_Water-borne disease,0.0
Turkiye,N/A for WC,N/A for WC,Resource cost,/m3,Water Consumption_N/A for WC_N/A for WC_Resource cost,3.4
Turkiye,N/A for WC,N/A for WC,Ecosystem services,/m3,Water Consumption_N/A for WC_N/A for WC_Ecosystem services,1.22
Turkmenistan,N/A for WC,N/A for WC,Malnutrition,/m3,Water Consumption_N/A for WC_N/A for WC_Malnutrition,0.05
Turkmenistan,N/A for WC,N/A for WC,Water-borne disease,/m3,Water Consumption_N/A for WC_N/A for WC_Water-borne disease,0.0
Turkmenistan,N/A for WC,N/A for WC,Resource cost,/m3,Water Consumption_N/A for WC_N/A for WC_Resource cost,2.45
Turkmenistan,N/A for WC,N/A for WC,Ecosystem services,/m3,Water Consumption_N/A for WC_N/A for WC_Ecosystem services,0.4
Turks and Caicos Islands,N/A for WC,N/A for WC,Malnutrition,/m3,Water Consumption_N/A for WC_N/A for WC_Malnutrition,0.08
Turks and Caicos Islands,N/A for WC,N/A for WC,Water-borne disease,/m3,Water Consumption_N/A for WC_N/A for WC_Water-borne disease,0.18
Turks and Caicos Islands,N/A for WC,N/A for WC,Resource cost,/m3,Water Consumption_N/A for WC_N/A for WC_Resource cost,0.0
Turks and Caicos Islands,N/A for WC,N/A for WC,Ecosystem services,/m3,Water Consumption_N/A for WC_N/A for WC_Ecosystem services,1.19
Tuvalu,N/A for WC,N/A for WC,Malnutrition,/m3,Water Consumption_N/A for WC_N/A for WC_Malnutrition,0.3
Tuvalu,N/A for WC,N/A for WC,Water-borne disease,/m3,Water Consumption_N/A for WC_N/A for WC_Water-borne disease,0.0
Tuvalu,N/A for WC,N/A for WC,Resource cost,/m3,Water Consumption_N/A for WC_N/A for WC_Resource cost,0.03
Tuvalu,N/A for WC,N/A for WC,Ecosystem services,/m3,Water Consumption_N/A for WC_N/A for WC_Ecosystem services,8.99
Uganda,N/A for WC,N/A for WC,Malnutrition,/m3,Water Consumption_N/A for WC_N/A for WC_Malnutrition,0.0
Uganda,N/A for WC,N/A for WC,Water-borne disease,/m3,Water Consumption_N/A for WC_N/A for WC_Water-borne disease,0.01
Uganda,N/A for WC,N/A for WC,Resource cost,/m3,Water Consumption_N/A for WC_N/A for WC_Resource cost,0.0
Uganda,N/A for WC,N/A for WC,Ecosystem services,/m3,Water Consumption_N/A for WC_N/A for WC_Ecosystem services,3.11
Ukraine,N/A for WC,N/A for WC,Malnutrition,/m3,Water Consumption_N/A for WC_N/A for WC_Malnutrition,0.01
Ukraine,N/A for WC,N/A for WC,Water-borne disease,/m3,Water Consumption_N/A for WC_N/A for WC_Water-borne disease,4.8
Ukraine,N/A for WC,N/A for WC,Resource cost,/m3,Water Consumption_N/A for WC_N/A for WC_Resource cost,0.15
Ukraine,N/A for WC,N/A for WC,Ecosystem services,/m3,Water Consumption_N/A for WC_N/A for WC_Ecosystem services,2.1
United Arab Emirates,N/A for WC,N/A for WC,Malnutrition,/m3,Water Consumption_N/A for WC_N/A for WC_Malnutrition,0.03
United Arab Emirates,N/A for WC,N/A for WC,Water-borne disease,/m3,Water Consumption_N/A for WC_N/A for WC_Water-borne disease,0.0
United Arab Emirates,N/A for WC,N/A for WC,Resource cost,/m3,Water Consumption_N/A for WC_N/A for WC_Resource cost,40.73
United Arab Emirates,N/A for WC,N/A for WC,Ecosystem services,/m3,Water Consumption_N/A for WC_N/A for WC_Ecosystem services,0.02
United Kingdom,N/A for WC,N/A for WC,Malnutrition,/m3,Water Consumption_N/A for WC_N/A for WC_Malnutrition,0.27
United Kingdom,N/A for WC,N/A for WC,Water-borne disease,/m3,Water Consumption_N/A for WC_N/A for WC_Water-borne disease,0.0
United Kingdom,N/A for WC,N/A for WC,Resource cost,/m3,Water Consumption_N/A for WC_N/A for WC_Resource cost,0.0
United Kingdom,N/A for WC,N/A for WC,Ecosystem services,/m3,Water Consumption_N/A for WC_N/A for WC_Ecosystem services,1.2
United States,N/A for WC,N/A for WC,Malnutrition,/m3,Water Consumption_N/A for WC_N/A for WC_Malnutrition,0.15
United States,N/A for WC,N/A for WC,Water-borne disease,/m3,Water Consumption_N/A for WC_N/A for WC_Water-borne disease,0.01
United States,N/A for WC,N/A for WC,Resource cost,/m3,Water Consumption_N/A for WC_N/A for WC_Resource cost,4.47
United States,N/A for WC,N/A for WC,Ecosystem services,/m3,Water Consumption_N/A for WC_N/A for WC_Ecosystem services,1.62
Uruguay,N/A for WC,N/A for WC,Malnutrition,/m3,Water Consumption_N/A for WC_N/A for WC_Malnutrition,0.17
Uruguay,N/A for WC,N/A for WC,Water-borne disease,/m3,Water Consumption_N/A for WC_N/A for WC_Water-borne disease,0.0
Uruguay,N/A for WC,N/A for WC,Resource cost,/m3,Water Consumption_N/A for WC_N/A for WC_Resource cost,0.0
Uruguay,N/A for WC,N/A for WC,Ecosystem services,/m3,Water Consumption_N/A for WC_N/A for WC_Ecosystem services,0.84
Uzbekistan,N/A for WC,N/A for WC,Malnutrition,/m3,Water Consumption_N/A for WC_N/A for WC_Malnutrition,0.27
Uzbekistan,N/A for WC,N/A for WC,Water-borne disease,/m3,Water Consumption_N/A for WC_N/A for WC_Water-borne disease,0.0
Uzbekistan,N/A for WC,N/A for WC,Resource cost,/m3,Water Consumption_N/A for WC_N/A for WC_Resource cost,1.83
Uzbekistan,N/A for WC,N/A for WC,Ecosystem services,/m3,Water Consumption_N/A for WC_N/A for WC_Ecosystem services,1.09
Vanuatu,N/A for WC,N/A for WC,Malnutrition,/m3,Water Consumption_N/A for WC_N/A for WC_Malnutrition,0.3
Vanuatu,N/A for WC,N/A for WC,Water-borne disease,/m3,Water Consumption_N/A for WC_N/A for WC_Water-borne disease,0.0
Vanuatu,N/A for WC,N/A for WC,Resource cost,/m3,Water Consumption_N/A for WC_N/A for WC_Resource cost,0.0
Vanuatu,N/A for WC,N/A for WC,Ecosystem services,/m3,Water Consumption_N/A for WC_N/A for WC_Ecosystem services,1.94
Venezuela,N/A for WC,N/A for WC,Malnutrition,/m3,Water Consumption_N/A for WC_N/A for WC_Malnutrition,0.01
Venezuela,N/A for WC,N/A for WC,Water-borne disease,/m3,Water Consumption_N/A for WC_N/A for WC_Water-borne disease,0.18
Venezuela,N/A for WC,N/A for WC,Resource cost,/m3,Water Consumption_N/A for WC_N/A for WC_Resource cost,0.01
Venezuela,N/A for WC,N/A for WC,Ecosystem services,/m3,Water Consumption_N/A for WC_N/A for WC_Ecosystem services,0.72
Vietnam,N/A for WC,N/A for WC,Malnutrition,/m3,Water Consumption_N/A for WC_N/A for WC_Malnutrition,0.03
Vietnam,N/A for WC,N/A for WC,Water-borne disease,/m3,Water Consumption_N/A for WC_N/A for WC_Water-borne disease,0.0
Vietnam,N/A for WC,N/A for WC,Resource cost,/m3,Water Consumption_N/A for WC_N/A for WC_Resource cost,0.03
Vietnam,N/A for WC,N/A for WC,Ecosystem services,/m3,Water Consumption_N/A for WC_N/A for WC_Ecosystem services,1.14
Virgin Islands (U.S.),N/A for WC,N/A for WC,Malnutrition,/m3,Water Consumption_N/A for WC_N/A for WC_Malnutrition,0.08
Virgin Islands (U.S.),N/A for WC,N/A for WC,Water-borne disease,/m3,Water Consumption_N/A for WC_N/A for WC_Water-borne disease,0.18
Virgin Islands (U.S.),N/A for WC,N/A for WC,Resource cost,/m3,Water Consumption_N/A for WC_N/A for WC_Resource cost,0.0
Virgin Islands (U.S.),N/A for WC,N/A for WC,Ecosystem services,/m3,Water Consumption_N/A for WC_N/A for WC_Ecosystem services,1.19
West Bank and Gaza,N/A for WC,N/A for WC,Malnutrition,/m3,Water Consumption_N/A for WC_N/A for WC_Malnutrition,0.15
West Bank and Gaza,N/A for WC,N/A for WC,Water-borne disease,/m3,Water Consumption_N/A for WC_N/A for WC_Water-borne disease,0.0
West Bank and Gaza,N/A for WC,N/A for WC,Resource cost,/m3,Water Consumption_N/A for WC_N/A for WC_Resource cost,16.0
West Bank and Gaza,N/A for WC,N/A for WC,Ecosystem services,/m3,Water Consumption_N/A for WC_N/A for WC_Ecosystem services,0.36
Yemen,N/A for WC,N/A for WC,Malnutrition,/m3,Water Consumption_N/A for WC_N/A for WC_Malnutrition,0.01
Yemen,N/A for WC,N/A for WC,Water-borne disease,/m3,Water Consumption_N/A for WC_N/A for WC_Water-borne disease,0.0
Yemen,N/A for WC,N/A for WC,Resource cost,/m3,Water Consumption_N/A for WC_N/A for WC_Resource cost,2.29
Yemen,N/A for WC,N/A for WC,Ecosystem services,/m3,Water Consumption_N/A for WC_N/A for WC_Ecosystem services,0.06
Zambia,N/A for WC,N/A for WC,Malnutrition,/m3,Water Consumption_N/A for WC_N/A for WC_Malnutrition,0.0
Zambia,N/A for WC,N/A for WC,Water-borne disease,/m3,Water Consumption_N/A for WC_N/A for WC_Water-borne disease,0.01
Zambia,N/A for WC,N/A for WC,Resource cost,/m3,Water Consumption_N/A for WC_N/A for WC_Resource cost,0.09
Zambia,N/A for WC,N/A for WC,Ecosystem services,/m3,Water Consumption_N/A for WC_N/A for WC_Ecosystem services,0.8
Zimbabwe,N/A for WC,N/A for WC,Malnutrition,/m3,Water Consumption_N/A for WC_N/A for WC_Malnutrition,0.0
Zimbabwe,N/A for WC,N/A for WC,Water-borne disease,/m3,Water Consumption_N/A for WC_N/A for WC_Water-borne disease,0.0
Zimbabwe,N/A for WC,N/A for WC,Resource cost,/m3,Water Consumption_N/A for WC_N/A for WC_Resource cost,0.02
Zimbabwe,N/A for WC,N/A for WC,Ecosystem services,/m3,Water Consumption_N/A for WC_N/A for WC_Ecosystem services,0.51
